timestamp,open,high,low,close,volume
2026-01-30 03:45:00,1383.9000244140625,1385.9000244140625,1380.199951171875,1384.5,0
2026-01-30 04:00:00,1384.4000244140625,1386.9000244140625,1382.0999755859375,1385.0,364061
2026-01-30 04:15:00,1385.800048828125,1389.0,1385.800048828125,1389.0,210924
2026-01-30 04:30:00,1389.0999755859375,1389.4000244140625,1386.300048828125,1387.5999755859375,168288
2026-01-30 04:45:00,1387.5,1389.0999755859375,1386.5999755859375,1388.4000244140625,177619
2026-01-30 05:00:00,1388.4000244140625,1390.300048828125,1386.800048828125,1389.9000244140625,154870
2026-01-30 05:15:00,1389.699951171875,1390.199951171875,1387.0,1387.199951171875,106197
2026-01-30 05:30:00,1387.199951171875,1388.5999755859375,1386.5999755859375,1388.0,118010
2026-01-30 05:45:00,1388.0,1389.4000244140625,1385.4000244140625,1389.199951171875,978198
2026-01-30 06:00:00,1389.0,1390.199951171875,1386.0,1387.0,235166
2026-01-30 06:15:00,1387.0,1388.9000244140625,1386.300048828125,1386.800048828125,478906
2026-01-30 06:30:00,1386.5999755859375,1390.0,1386.5999755859375,1387.699951171875,184822
2026-01-30 06:45:00,1387.5999755859375,1389.4000244140625,1387.0,1387.0999755859375,203815
2026-01-30 07:00:00,1387.0999755859375,1391.0,1387.0999755859375,1389.699951171875,122363
2026-01-30 07:15:00,1389.9000244140625,1390.0,1388.800048828125,1389.5,103035
2026-01-30 07:30:00,1389.9000244140625,1389.9000244140625,1387.300048828125,1387.9000244140625,727408
2026-01-30 07:45:00,1388.0,1388.0999755859375,1385.199951171875,1386.5,366174
2026-01-30 08:00:00,1386.5,1388.4000244140625,1386.0,1388.0,158816
2026-01-30 08:15:00,1388.300048828125,1391.800048828125,1387.0,1390.4000244140625,211225
2026-01-30 08:30:00,1390.300048828125,1396.9000244140625,1390.300048828125,1396.0,272664
2026-01-30 08:45:00,1395.699951171875,1397.5,1395.0,1396.300048828125,291344
2026-01-30 09:00:00,1396.5999755859375,1396.699951171875,1393.199951171875,1394.0,301992
2026-01-30 09:15:00,1393.9000244140625,1394.199951171875,1389.0,1391.4000244140625,265655
2026-01-30 09:30:00,1391.300048828125,1392.800048828125,1390.300048828125,1392.699951171875,937006
2026-01-30 09:45:00,1392.699951171875,1397.800048828125,1392.5,1396.199951171875,2058152
2026-01-30 10:00:00,1396.300048828125,1397.5,1395.5,1397.0,1532272
2026-02-03 03:45:00,1473.9000244140625,1473.9000244140625,1438.4000244140625,1447.0999755859375,6194607
2026-02-03 04:00:00,1447.0,1447.800048828125,1440.5,1442.5999755859375,3294747
2026-02-03 04:15:00,1442.4000244140625,1445.5,1435.4000244140625,1445.300048828125,1500916
2026-02-03 04:30:00,1445.300048828125,1447.4000244140625,1441.9000244140625,1443.5999755859375,921542
2026-02-03 04:45:00,1443.5999755859375,1447.800048828125,1440.0,1447.0,704659
2026-02-03 05:00:00,1446.9000244140625,1455.699951171875,1445.699951171875,1451.0,793950
2026-02-03 05:15:00,1451.0,1453.800048828125,1446.0,1447.699951171875,355719
2026-02-03 05:30:00,1447.699951171875,1451.0,1445.199951171875,1450.5,330109
2026-02-03 05:45:00,1450.5,1451.0,1444.699951171875,1447.5999755859375,677652
2026-02-03 06:00:00,1447.800048828125,1454.0,1447.199951171875,1453.699951171875,319570
2026-02-03 06:15:00,1453.699951171875,1454.4000244140625,1448.4000244140625,1448.9000244140625,428962
2026-02-03 06:30:00,1448.699951171875,1448.800048828125,1444.199951171875,1444.9000244140625,195315
2026-02-03 06:45:00,1444.9000244140625,1447.300048828125,1443.199951171875,1445.300048828125,330998
2026-02-03 07:00:00,1445.5,1446.0,1442.0999755859375,1442.800048828125,235649
2026-02-03 07:15:00,1442.4000244140625,1444.5,1441.0,1444.0999755859375,770640
2026-02-03 07:30:00,1444.0999755859375,1446.199951171875,1443.0,1444.300048828125,621847
2026-02-03 07:45:00,1444.699951171875,1445.699951171875,1442.4000244140625,1444.0,314642
2026-02-03 08:00:00,1444.0,1444.699951171875,1440.199951171875,1440.5,370103
2026-02-03 08:15:00,1440.199951171875,1445.800048828125,1438.4000244140625,1445.4000244140625,540644
2026-02-03 08:30:00,1445.4000244140625,1445.800048828125,1442.699951171875,1443.4000244140625,297800
2026-02-03 08:45:00,1443.5,1444.5,1441.199951171875,1443.300048828125,384833
2026-02-03 09:00:00,1443.0999755859375,1445.0,1441.5,1443.0999755859375,412908
2026-02-03 09:15:00,1443.0,1443.699951171875,1441.300048828125,1441.800048828125,321471
2026-02-03 09:30:00,1441.9000244140625,1443.800048828125,1435.699951171875,1436.300048828125,654829
2026-02-03 09:45:00,1436.4000244140625,1441.5,1430.199951171875,1440.199951171875,3684734
2026-02-03 10:00:00,1440.0,1440.300048828125,1435.4000244140625,1438.0999755859375,795933
2026-02-04 03:45:00,1442.0,1453.5999755859375,1442.0,1450.699951171875,0
2026-02-04 04:00:00,1450.699951171875,1461.699951171875,1450.699951171875,1460.0,787076
2026-02-04 04:15:00,1459.699951171875,1460.0,1456.0,1457.300048828125,268072
2026-02-04 04:30:00,1457.300048828125,1462.0,1453.0999755859375,1462.0,337818
2026-02-04 04:45:00,1462.0,1464.0,1457.9000244140625,1458.0,387743
2026-02-04 05:00:00,1458.0999755859375,1459.4000244140625,1454.699951171875,1456.0,317393
2026-02-04 05:15:00,1455.699951171875,1458.0,1454.4000244140625,1456.9000244140625,204390
2026-02-04 05:30:00,1456.5999755859375,1457.0999755859375,1453.300048828125,1454.800048828125,252833
2026-02-04 05:45:00,1454.5999755859375,1455.199951171875,1451.4000244140625,1451.5999755859375,155698
2026-02-04 06:00:00,1451.5,1452.0999755859375,1448.699951171875,1451.300048828125,247410
2026-02-04 06:15:00,1451.800048828125,1454.800048828125,1450.0,1452.0,162850
2026-02-04 06:30:00,1452.199951171875,1455.0,1451.199951171875,1452.9000244140625,173654
2026-02-04 06:45:00,1453.199951171875,1454.0,1451.5,1451.800048828125,182490
2026-02-04 07:00:00,1451.699951171875,1453.699951171875,1451.0999755859375,1451.9000244140625,186269
2026-02-04 07:15:00,1451.9000244140625,1461.5,1451.800048828125,1455.5999755859375,469493
2026-02-04 07:30:00,1455.5,1455.699951171875,1452.5999755859375,1453.4000244140625,208243
2026-02-04 07:45:00,1453.300048828125,1455.9000244140625,1453.0999755859375,1454.699951171875,224460
2026-02-04 08:00:00,1454.5,1457.0,1453.800048828125,1455.0,192187
2026-02-04 08:15:00,1455.199951171875,1455.9000244140625,1454.4000244140625,1454.9000244140625,152802
2026-02-04 08:30:00,1454.9000244140625,1458.5,1454.300048828125,1455.199951171875,175893
2026-02-04 08:45:00,1455.199951171875,1456.9000244140625,1455.0999755859375,1456.5,115528
2026-02-04 09:00:00,1456.699951171875,1456.800048828125,1453.0,1453.4000244140625,181875
2026-02-04 09:15:00,1453.199951171875,1454.4000244140625,1450.0999755859375,1451.0,203728
2026-02-04 09:30:00,1451.0,1460.699951171875,1450.5999755859375,1456.4000244140625,877188
2026-02-04 09:45:00,1456.4000244140625,1457.5,1455.699951171875,1456.4000244140625,761437
2026-02-04 10:00:00,1456.800048828125,1457.0,1454.0999755859375,1456.800048828125,523706
2026-02-05 03:45:00,1457.4000244140625,1460.9000244140625,1451.699951171875,1453.4000244140625,0
2026-02-05 04:00:00,1453.300048828125,1455.0,1445.5999755859375,1448.0999755859375,583183
2026-02-05 04:15:00,1448.0999755859375,1449.5,1445.5,1446.699951171875,398207
2026-02-05 04:30:00,1447.0,1447.5,1442.0,1444.800048828125,362974
2026-02-05 04:45:00,1444.699951171875,1448.800048828125,1444.0999755859375,1448.800048828125,221284
2026-02-05 05:00:00,1449.0,1450.9000244140625,1445.699951171875,1446.0999755859375,387054
2026-02-05 05:15:00,1445.9000244140625,1449.5999755859375,1443.5,1448.5,360009
2026-02-05 05:30:00,1448.5,1451.800048828125,1445.0,1447.4000244140625,322789
2026-02-05 05:45:00,1447.5,1449.9000244140625,1445.699951171875,1445.699951171875,306212
2026-02-05 06:00:00,1445.800048828125,1447.0,1444.800048828125,1445.199951171875,222508
2026-02-05 06:15:00,1445.300048828125,1448.699951171875,1444.5999755859375,1445.0999755859375,184520
2026-02-05 06:30:00,1445.199951171875,1446.699951171875,1444.5,1446.0,210892
2026-02-05 06:45:00,1445.800048828125,1446.300048828125,1443.5999755859375,1443.5999755859375,176943
2026-02-05 07:00:00,1443.800048828125,1446.0,1443.0,1443.9000244140625,416752
2026-02-05 07:15:00,1443.9000244140625,1444.4000244140625,1442.300048828125,1443.0,134559
2026-02-05 07:30:00,1442.800048828125,1445.5,1441.800048828125,1443.9000244140625,439729
2026-02-05 07:45:00,1443.9000244140625,1444.0,1442.699951171875,1443.699951171875,114569
2026-02-05 08:00:00,1443.4000244140625,1444.4000244140625,1440.5,1442.300048828125,398861
2026-02-05 08:15:00,1442.199951171875,1443.800048828125,1441.300048828125,1442.0,403931
2026-02-05 08:30:00,1442.0,1444.699951171875,1441.0999755859375,1442.699951171875,670386
2026-02-05 08:45:00,1442.699951171875,1442.699951171875,1439.699951171875,1441.300048828125,447415
2026-02-05 09:00:00,1441.4000244140625,1443.0,1441.0999755859375,1443.0,255631
2026-02-05 09:15:00,1443.199951171875,1444.0999755859375,1442.5,1442.9000244140625,468506
2026-02-05 09:30:00,1442.5999755859375,1447.5999755859375,1442.300048828125,1446.5999755859375,855784
2026-02-05 09:45:00,1446.699951171875,1447.4000244140625,1440.800048828125,1442.5999755859375,2149105
2026-02-05 10:00:00,1442.300048828125,1443.5999755859375,1440.199951171875,1441.9000244140625,776324
2026-02-06 03:45:00,1439.4000244140625,1444.9000244140625,1433.5,1442.800048828125,0
2026-02-06 04:00:00,1443.199951171875,1444.800048828125,1438.0,1438.0,211602
2026-02-06 04:15:00,1438.0,1440.199951171875,1437.0,1439.9000244140625,234140
2026-02-06 04:30:00,1440.0,1442.5999755859375,1439.5,1441.0,160957
2026-02-06 04:45:00,1441.0,1441.0,1437.5,1439.5,196860
2026-02-06 05:00:00,1439.4000244140625,1444.300048828125,1438.5,1443.5,208404
2026-02-06 05:15:00,1443.199951171875,1448.5,1443.199951171875,1448.0999755859375,228694
2026-02-06 05:30:00,1447.9000244140625,1448.4000244140625,1445.4000244140625,1448.4000244140625,149736
2026-02-06 05:45:00,1448.0,1448.800048828125,1445.4000244140625,1446.9000244140625,163341
2026-02-06 06:00:00,1446.9000244140625,1448.5,1445.5,1446.4000244140625,109558
2026-02-06 06:15:00,1446.4000244140625,1447.0999755859375,1443.5999755859375,1444.5999755859375,136317
2026-02-06 06:30:00,1444.5,1444.5999755859375,1442.5,1442.5999755859375,92632
2026-02-06 06:45:00,1442.5999755859375,1443.4000244140625,1441.800048828125,1443.0,103464
2026-02-06 07:00:00,1443.0999755859375,1443.199951171875,1439.4000244140625,1439.5,193777
2026-02-06 07:15:00,1439.699951171875,1439.800048828125,1435.0999755859375,1435.800048828125,612371
2026-02-06 07:30:00,1435.800048828125,1441.0,1435.0,1441.0,1022456
2026-02-06 07:45:00,1440.9000244140625,1443.0,1439.0,1441.0,570308
2026-02-06 08:00:00,1441.0,1441.199951171875,1438.9000244140625,1439.699951171875,158256
2026-02-06 08:15:00,1439.699951171875,1443.300048828125,1438.4000244140625,1440.4000244140625,754831
2026-02-06 08:30:00,1440.300048828125,1444.199951171875,1440.0999755859375,1443.4000244140625,310131
2026-02-06 08:45:00,1443.199951171875,1443.9000244140625,1440.5,1442.0999755859375,359335
2026-02-06 09:00:00,1442.0999755859375,1443.9000244140625,1440.0,1443.800048828125,131127
2026-02-06 09:15:00,1443.699951171875,1447.199951171875,1443.0999755859375,1445.0,215222
2026-02-06 09:30:00,1445.300048828125,1451.4000244140625,1445.0999755859375,1449.800048828125,632590
2026-02-06 09:45:00,1449.5999755859375,1452.0,1448.800048828125,1451.699951171875,622710
2026-02-06 10:00:00,1452.0,1452.699951171875,1447.699951171875,1450.0,427825
2026-02-09 03:45:00,1457.5,1462.9000244140625,1453.5,1461.5999755859375,0
2026-02-09 04:00:00,1461.800048828125,1463.699951171875,1459.9000244140625,1460.5,331171
2026-02-09 04:15:00,1460.5999755859375,1463.300048828125,1458.4000244140625,1460.0,338287
2026-02-09 04:30:00,1459.800048828125,1460.300048828125,1458.0999755859375,1459.699951171875,103590
2026-02-09 04:45:00,1459.699951171875,1460.0,1457.5999755859375,1460.0,120501
2026-02-09 05:00:00,1460.0,1463.800048828125,1459.800048828125,1463.800048828125,336455
2026-02-09 05:15:00,1463.5,1465.5,1462.800048828125,1463.9000244140625,323879
2026-02-09 05:30:00,1464.0,1464.800048828125,1463.199951171875,1463.699951171875,118191
2026-02-09 05:45:00,1463.5999755859375,1464.5999755859375,1463.199951171875,1464.199951171875,110930
2026-02-09 06:00:00,1464.199951171875,1465.0,1461.0999755859375,1461.5,168446
2026-02-09 06:15:00,1461.5,1463.699951171875,1461.0,1462.699951171875,165518
2026-02-09 06:30:00,1462.699951171875,1463.0,1461.300048828125,1462.4000244140625,103210
2026-02-09 06:45:00,1462.4000244140625,1463.5,1461.800048828125,1463.0999755859375,92663
2026-02-09 07:00:00,1463.4000244140625,1464.300048828125,1462.699951171875,1463.0999755859375,80423
2026-02-09 07:15:00,1463.199951171875,1464.0,1462.800048828125,1463.800048828125,116906
2026-02-09 07:30:00,1463.800048828125,1464.800048828125,1462.0,1464.800048828125,166406
2026-02-09 07:45:00,1464.800048828125,1465.9000244140625,1463.5999755859375,1464.300048828125,170849
2026-02-09 08:00:00,1464.4000244140625,1464.4000244140625,1462.5,1463.5999755859375,159386
2026-02-09 08:15:00,1463.5999755859375,1465.0,1463.5,1464.5,132249
2026-02-09 08:30:00,1464.5,1465.4000244140625,1462.0999755859375,1462.699951171875,364579
2026-02-09 08:45:00,1462.4000244140625,1465.0999755859375,1462.0999755859375,1464.9000244140625,208572
2026-02-09 09:00:00,1465.0,1465.5999755859375,1461.5,1461.5999755859375,195231
2026-02-09 09:15:00,1461.5999755859375,1462.5,1460.4000244140625,1461.199951171875,172715
2026-02-09 09:30:00,1461.199951171875,1461.9000244140625,1460.4000244140625,1461.300048828125,267635
2026-02-09 09:45:00,1461.4000244140625,1462.5,1461.300048828125,1462.5,613887
2026-02-09 10:00:00,1462.5,1462.5,1460.9000244140625,1461.5999755859375,390585
2026-02-10 03:45:00,1467.800048828125,1470.0,1465.800048828125,1465.800048828125,0
2026-02-10 04:00:00,1466.4000244140625,1468.5,1464.5,1468.5,211580
2026-02-10 04:15:00,1468.5999755859375,1469.0,1464.199951171875,1464.199951171875,173740
2026-02-10 04:30:00,1464.0,1467.199951171875,1464.0,1465.5999755859375,121175
2026-02-10 04:45:00,1465.300048828125,1465.5,1463.0999755859375,1464.0,102033
2026-02-10 05:00:00,1463.5999755859375,1465.0,1463.0,1464.5999755859375,81235
2026-02-10 05:15:00,1464.5,1465.800048828125,1463.5999755859375,1465.5,126125
2026-02-10 05:30:00,1465.4000244140625,1466.0,1464.4000244140625,1465.0999755859375,141189
2026-02-10 05:45:00,1465.0999755859375,1466.4000244140625,1463.800048828125,1465.300048828125,96592
2026-02-10 06:00:00,1465.800048828125,1465.800048828125,1462.0999755859375,1462.5999755859375,196622
2026-02-10 06:15:00,1462.0999755859375,1464.5,1460.4000244140625,1461.199951171875,272585
2026-02-10 06:30:00,1461.0999755859375,1461.800048828125,1460.0999755859375,1460.300048828125,84943
2026-02-10 06:45:00,1460.699951171875,1460.800048828125,1458.199951171875,1458.199951171875,136406
2026-02-10 07:00:00,1458.199951171875,1459.199951171875,1456.0,1456.5,226874
2026-02-10 07:15:00,1456.199951171875,1460.9000244140625,1455.5,1460.300048828125,202394
2026-02-10 07:30:00,1460.300048828125,1460.300048828125,1455.699951171875,1457.199951171875,648998
2026-02-10 07:45:00,1457.199951171875,1461.300048828125,1456.5999755859375,1456.5999755859375,721599
2026-02-10 08:00:00,1456.699951171875,1457.199951171875,1453.800048828125,1454.800048828125,219914
2026-02-10 08:15:00,1454.800048828125,1455.0999755859375,1453.300048828125,1454.5,116442
2026-02-10 08:30:00,1454.5,1456.0,1452.199951171875,1453.4000244140625,332923
2026-02-10 08:45:00,1453.199951171875,1455.9000244140625,1452.9000244140625,1455.9000244140625,387157
2026-02-10 09:00:00,1455.800048828125,1456.300048828125,1454.5999755859375,1456.0,145953
2026-02-10 09:15:00,1455.9000244140625,1458.0,1455.300048828125,1457.300048828125,284787
2026-02-10 09:30:00,1457.4000244140625,1463.300048828125,1457.300048828125,1461.199951171875,1213300
2026-02-10 09:45:00,1461.0,1462.5999755859375,1454.4000244140625,1455.699951171875,2715016
2026-02-10 10:00:00,1455.5999755859375,1459.0999755859375,1455.0,1458.5,953521
2026-02-11 03:45:00,1459.800048828125,1463.699951171875,1454.699951171875,1462.800048828125,0
2026-02-11 04:00:00,1463.4000244140625,1463.4000244140625,1460.0,1460.5999755859375,249600
2026-02-11 04:15:00,1460.5,1461.5999755859375,1455.699951171875,1455.699951171875,229982
2026-02-11 04:30:00,1455.5,1458.199951171875,1455.0999755859375,1456.5,145007
2026-02-11 04:45:00,1457.0,1461.800048828125,1456.800048828125,1461.5,107686
2026-02-11 05:00:00,1461.5999755859375,1464.4000244140625,1461.5,1463.5,255461
2026-02-11 05:15:00,1463.5,1464.9000244140625,1463.300048828125,1463.800048828125,170826
2026-02-11 05:30:00,1463.800048828125,1464.5,1461.9000244140625,1462.699951171875,135990
2026-02-11 05:45:00,1463.0,1463.199951171875,1461.300048828125,1462.0,138601
2026-02-11 06:00:00,1462.0,1462.9000244140625,1459.9000244140625,1462.800048828125,122762
2026-02-11 06:15:00,1462.800048828125,1463.300048828125,1460.5999755859375,1461.0,120543
2026-02-11 06:30:00,1461.0,1464.800048828125,1460.699951171875,1464.699951171875,166440
2026-02-11 06:45:00,1464.699951171875,1466.9000244140625,1464.300048828125,1465.699951171875,372495
2026-02-11 07:00:00,1465.699951171875,1466.0,1463.800048828125,1464.0999755859375,171643
2026-02-11 07:15:00,1464.0999755859375,1466.0,1463.5,1465.5,360905
2026-02-11 07:30:00,1465.5,1466.5999755859375,1461.0999755859375,1462.800048828125,501557
2026-02-11 07:45:00,1462.5,1465.199951171875,1462.5,1463.5,139555
2026-02-11 08:00:00,1463.5,1465.800048828125,1463.4000244140625,1465.800048828125,105049
2026-02-11 08:15:00,1466.0,1467.199951171875,1464.199951171875,1464.300048828125,379945
2026-02-11 08:30:00,1464.4000244140625,1465.199951171875,1463.4000244140625,1464.5999755859375,150023
2026-02-11 08:45:00,1464.5999755859375,1468.699951171875,1464.300048828125,1467.5,164721
2026-02-11 09:00:00,1467.5999755859375,1468.5,1466.5,1468.4000244140625,188990
2026-02-11 09:15:00,1468.4000244140625,1469.0999755859375,1467.0,1467.199951171875,508489
2026-02-11 09:30:00,1467.199951171875,1468.9000244140625,1466.5999755859375,1468.300048828125,474662
2026-02-11 09:45:00,1468.4000244140625,1469.5,1468.0999755859375,1469.0,927811
2026-02-11 10:00:00,1469.199951171875,1469.9000244140625,1468.0,1468.0,486983
2026-02-12 03:45:00,1468.699951171875,1473.0,1465.300048828125,1465.300048828125,0
2026-02-12 04:00:00,1465.199951171875,1467.300048828125,1464.5999755859375,1465.699951171875,245780
2026-02-12 04:15:00,1465.5999755859375,1465.800048828125,1463.199951171875,1464.0,130987
2026-02-12 04:30:00,1464.4000244140625,1465.4000244140625,1463.199951171875,1463.4000244140625,135826
2026-02-12 04:45:00,1463.0999755859375,1464.9000244140625,1461.800048828125,1464.0,175878
2026-02-12 05:00:00,1463.9000244140625,1466.800048828125,1463.9000244140625,1466.5,143460
2026-02-12 05:15:00,1466.300048828125,1466.5,1460.800048828125,1461.5,144152
2026-02-12 05:30:00,1461.4000244140625,1463.199951171875,1460.800048828125,1462.800048828125,104102
2026-02-12 05:45:00,1462.9000244140625,1463.0,1459.699951171875,1459.699951171875,159914
2026-02-12 06:00:00,1459.699951171875,1459.699951171875,1456.0,1456.5999755859375,212425
2026-02-12 06:15:00,1456.5999755859375,1459.5999755859375,1456.4000244140625,1458.300048828125,289334
2026-02-12 06:30:00,1458.0999755859375,1459.9000244140625,1456.5999755859375,1457.199951171875,542801
2026-02-12 06:45:00,1457.199951171875,1457.699951171875,1456.5,1457.199951171875,124417
2026-02-12 07:00:00,1457.0999755859375,1457.5,1456.0,1456.5999755859375,124956
2026-02-12 07:15:00,1454.800048828125,1456.699951171875,1453.4000244140625,1455.0,264560
2026-02-12 07:30:00,1455.0,1455.4000244140625,1454.699951171875,1455.0999755859375,198994
2026-02-12 07:45:00,1455.0999755859375,1458.0999755859375,1453.0999755859375,1455.699951171875,797561
2026-02-12 08:00:00,1455.9000244140625,1458.800048828125,1454.4000244140625,1456.0,606943
2026-02-12 08:15:00,1456.0,1457.699951171875,1453.699951171875,1453.800048828125,381506
2026-02-12 08:30:00,1453.5,1455.0,1450.199951171875,1451.0,451086
2026-02-12 08:45:00,1451.0,1451.300048828125,1449.5,1450.199951171875,269122
2026-02-12 09:00:00,1450.300048828125,1452.4000244140625,1449.9000244140625,1451.5999755859375,525302
2026-02-12 09:15:00,1452.0,1452.5,1446.0999755859375,1446.9000244140625,608083
2026-02-12 09:30:00,1446.9000244140625,1453.800048828125,1445.5,1451.0999755859375,1252224
2026-02-12 09:45:00,1450.800048828125,1451.5,1445.5999755859375,1449.0999755859375,2473002
2026-02-12 10:00:00,1449.0,1449.9000244140625,1447.0,1448.9000244140625,537565
2026-02-13 03:45:00,1445.5999755859375,1449.5,1438.5,1443.5,0
2026-02-13 04:00:00,1443.5,1447.5,1440.0,1440.5,206536
2026-02-13 04:15:00,1441.199951171875,1441.5999755859375,1436.0,1437.0,289873
2026-02-13 04:30:00,1437.0,1437.9000244140625,1433.0,1436.199951171875,214963
2026-02-13 04:45:00,1436.199951171875,1436.199951171875,1430.0,1431.0,259205
2026-02-13 05:00:00,1431.5,1432.9000244140625,1427.5,1431.800048828125,472013
2026-02-13 05:15:00,1431.9000244140625,1432.199951171875,1428.9000244140625,1429.0,147747
2026-02-13 05:30:00,1429.0,1430.4000244140625,1426.699951171875,1427.0,177618
2026-02-13 05:45:00,1427.4000244140625,1427.5,1424.5,1425.4000244140625,188357
2026-02-13 06:00:00,1425.300048828125,1425.5,1420.5,1420.9000244140625,169341
2026-02-13 06:15:00,1420.800048828125,1422.300048828125,1418.0,1420.300048828125,302564
2026-02-13 06:30:00,1419.9000244140625,1423.800048828125,1419.5,1422.300048828125,202597
2026-02-13 06:45:00,1422.300048828125,1423.9000244140625,1420.0,1423.699951171875,353479
2026-02-13 07:00:00,1423.699951171875,1426.4000244140625,1422.699951171875,1426.0,237651
2026-02-13 07:15:00,1426.0,1426.800048828125,1424.0,1424.5,151567
2026-02-13 07:30:00,1424.5999755859375,1424.699951171875,1422.300048828125,1423.0,207474
2026-02-13 07:45:00,1423.0999755859375,1425.699951171875,1422.5999755859375,1425.0,163938
2026-02-13 08:00:00,1424.699951171875,1424.699951171875,1419.199951171875,1419.699951171875,373735
2026-02-13 08:15:00,1419.9000244140625,1420.9000244140625,1418.0999755859375,1418.699951171875,243402
2026-02-13 08:30:00,1418.4000244140625,1421.4000244140625,1416.4000244140625,1416.9000244140625,1956008
2026-02-13 08:45:00,1416.800048828125,1423.5,1416.699951171875,1423.0,629035
2026-02-13 09:00:00,1423.0,1426.800048828125,1422.0,1422.800048828125,435839
2026-02-13 09:15:00,1422.800048828125,1423.0,1419.0,1419.5999755859375,301199
2026-02-13 09:30:00,1419.5999755859375,1424.9000244140625,1418.5,1420.5999755859375,1356125
2026-02-13 09:45:00,1420.699951171875,1421.800048828125,1418.199951171875,1420.300048828125,716155
2026-02-13 10:00:00,1420.0,1420.4000244140625,1417.5999755859375,1418.800048828125,633947
2026-02-16 03:45:00,1420.0,1423.199951171875,1417.300048828125,1421.0999755859375,0
2026-02-16 04:00:00,1421.199951171875,1422.699951171875,1417.300048828125,1419.300048828125,283321
2026-02-16 04:15:00,1419.0,1419.300048828125,1409.300048828125,1412.5,272313
2026-02-16 04:30:00,1412.5,1417.0,1411.0,1416.5999755859375,143732
2026-02-16 04:45:00,1416.4000244140625,1420.5,1415.0,1418.4000244140625,219940
2026-02-16 05:00:00,1418.199951171875,1419.199951171875,1415.5999755859375,1418.4000244140625,101504
2026-02-16 05:15:00,1418.699951171875,1422.800048828125,1417.800048828125,1421.699951171875,122199
2026-02-16 05:30:00,1421.5,1422.4000244140625,1419.9000244140625,1421.9000244140625,67473
2026-02-16 05:45:00,1421.9000244140625,1422.9000244140625,1421.0,1422.5,94325
2026-02-16 06:00:00,1422.300048828125,1422.9000244140625,1420.0999755859375,1420.699951171875,86949
2026-02-16 06:15:00,1420.5999755859375,1422.0,1417.800048828125,1419.199951171875,98644
2026-02-16 06:30:00,1419.0,1421.699951171875,1418.699951171875,1420.800048828125,58483
2026-02-16 06:45:00,1420.9000244140625,1423.5999755859375,1420.9000244140625,1422.800048828125,92179
2026-02-16 07:00:00,1422.4000244140625,1423.4000244140625,1422.0,1422.199951171875,86019
2026-02-16 07:15:00,1421.800048828125,1422.300048828125,1419.0999755859375,1419.300048828125,182206
2026-02-16 07:30:00,1419.199951171875,1424.0,1419.0999755859375,1423.5999755859375,97317
2026-02-16 07:45:00,1423.0,1424.5,1422.699951171875,1423.5999755859375,90658
2026-02-16 08:00:00,1423.0999755859375,1424.0,1421.0999755859375,1421.699951171875,249544
2026-02-16 08:15:00,1421.699951171875,1426.0,1421.699951171875,1425.9000244140625,173453
2026-02-16 08:30:00,1425.5,1426.300048828125,1421.199951171875,1424.800048828125,664212
2026-02-16 08:45:00,1425.0,1426.0,1423.300048828125,1425.0,227825
2026-02-16 09:00:00,1425.0,1436.9000244140625,1424.4000244140625,1436.5999755859375,501684
2026-02-16 09:15:00,1436.9000244140625,1439.5999755859375,1434.5999755859375,1438.0,452967
2026-02-16 09:30:00,1438.4000244140625,1439.0,1434.5999755859375,1438.5,281501
2026-02-16 09:45:00,1437.699951171875,1438.9000244140625,1436.0,1436.0,472644
2026-02-16 10:00:00,1436.0,1436.9000244140625,1434.0999755859375,1435.800048828125,333656
2026-02-17 03:45:00,1431.4000244140625,1431.4000244140625,1423.5,1426.800048828125,0
2026-02-17 04:00:00,1426.699951171875,1426.699951171875,1422.0,1423.300048828125,234844
2026-02-17 04:15:00,1423.300048828125,1426.800048828125,1421.699951171875,1425.5999755859375,191428
2026-02-17 04:30:00,1425.699951171875,1427.5,1423.300048828125,1423.300048828125,184664
2026-02-17 04:45:00,1423.5999755859375,1424.5,1421.5,1423.4000244140625,115722
2026-02-17 05:00:00,1423.5999755859375,1425.5,1423.0999755859375,1423.9000244140625,124486
2026-02-17 05:15:00,1423.9000244140625,1424.0,1418.5999755859375,1420.5,190664
2026-02-17 05:30:00,1420.199951171875,1421.4000244140625,1420.0,1420.5,69831
2026-02-17 05:45:00,1420.300048828125,1421.699951171875,1419.300048828125,1421.4000244140625,108328
2026-02-17 06:00:00,1421.5,1422.4000244140625,1419.800048828125,1422.300048828125,231244
2026-02-17 06:15:00,1422.300048828125,1423.5,1420.9000244140625,1421.800048828125,510659
2026-02-17 06:30:00,1422.199951171875,1425.5999755859375,1421.699951171875,1423.9000244140625,245987
2026-02-17 06:45:00,1423.9000244140625,1424.5999755859375,1423.199951171875,1424.4000244140625,206625
2026-02-17 07:00:00,1424.4000244140625,1425.300048828125,1423.800048828125,1424.5,251916
2026-02-17 07:15:00,1424.199951171875,1424.5999755859375,1424.0,1424.199951171875,93680
2026-02-17 07:30:00,1424.199951171875,1426.199951171875,1421.699951171875,1421.699951171875,395322
2026-02-17 07:45:00,1421.699951171875,1424.9000244140625,1421.199951171875,1423.0999755859375,1032566
2026-02-17 08:00:00,1423.0,1425.0,1423.0,1424.5999755859375,495586
2026-02-17 08:15:00,1424.800048828125,1426.5,1422.5999755859375,1423.5,553410
2026-02-17 08:30:00,1423.5,1424.5999755859375,1421.5,1423.5999755859375,468746
2026-02-17 08:45:00,1423.699951171875,1424.699951171875,1419.800048828125,1422.0999755859375,705477
2026-02-17 09:00:00,1422.4000244140625,1423.0,1420.699951171875,1421.9000244140625,115333
2026-02-17 09:15:00,1421.9000244140625,1424.4000244140625,1421.199951171875,1422.5999755859375,597763
2026-02-17 09:30:00,1422.5999755859375,1425.4000244140625,1420.5,1421.300048828125,1476047
2026-02-17 09:45:00,1421.699951171875,1425.699951171875,1420.4000244140625,1422.5,1656482
2026-02-17 10:00:00,1422.5999755859375,1424.300048828125,1422.4000244140625,1424.199951171875,304958
2026-02-18 03:45:00,1426.699951171875,1428.5999755859375,1423.4000244140625,1427.300048828125,0
2026-02-18 04:00:00,1426.9000244140625,1429.300048828125,1425.5,1427.5,296731
2026-02-18 04:15:00,1427.300048828125,1427.5,1421.5,1422.800048828125,267929
2026-02-18 04:30:00,1422.800048828125,1423.0999755859375,1419.9000244140625,1421.5,126923
2026-02-18 04:45:00,1421.4000244140625,1421.699951171875,1419.300048828125,1420.4000244140625,105230
2026-02-18 05:00:00,1420.5,1421.9000244140625,1419.199951171875,1421.5,88206
2026-02-18 05:15:00,1421.199951171875,1422.5,1420.800048828125,1422.0999755859375,49557
2026-02-18 05:30:00,1422.0999755859375,1424.300048828125,1421.9000244140625,1424.0,93628
2026-02-18 05:45:00,1424.0,1425.199951171875,1423.199951171875,1423.800048828125,282486
2026-02-18 06:00:00,1424.0,1427.199951171875,1423.9000244140625,1427.0,154219
2026-02-18 06:15:00,1427.0999755859375,1427.5,1425.0999755859375,1426.0999755859375,85527
2026-02-18 06:30:00,1426.4000244140625,1428.699951171875,1426.0,1428.0999755859375,81347
2026-02-18 06:45:00,1428.0999755859375,1429.5,1427.199951171875,1428.5999755859375,79908
2026-02-18 07:00:00,1428.699951171875,1429.9000244140625,1427.4000244140625,1429.5999755859375,101439
2026-02-18 07:15:00,1429.5999755859375,1431.5,1429.0999755859375,1429.699951171875,168141
2026-02-18 07:30:00,1429.4000244140625,1435.0,1429.300048828125,1434.699951171875,205608
2026-02-18 07:45:00,1434.699951171875,1436.5,1432.699951171875,1435.5,315910
2026-02-18 08:00:00,1435.5999755859375,1437.0,1431.5,1433.199951171875,615681
2026-02-18 08:15:00,1433.0999755859375,1433.9000244140625,1431.5,1433.5,235655
2026-02-18 08:30:00,1433.5999755859375,1434.4000244140625,1430.5,1432.5,359615
2026-02-18 08:45:00,1432.699951171875,1436.5,1432.5,1436.199951171875,178922
2026-02-18 09:00:00,1436.199951171875,1437.5,1435.699951171875,1436.5,183319
2026-02-18 09:15:00,1436.0,1439.300048828125,1436.0,1439.300048828125,173733
2026-02-18 09:30:00,1439.4000244140625,1441.699951171875,1438.4000244140625,1440.699951171875,360963
2026-02-18 09:45:00,1440.5999755859375,1442.0999755859375,1440.5,1441.300048828125,436238
2026-02-18 10:00:00,1441.300048828125,1441.9000244140625,1440.300048828125,1441.300048828125,318462
2026-02-19 03:45:00,1442.800048828125,1443.0,1435.5,1437.4000244140625,0
2026-02-19 04:00:00,1436.800048828125,1442.0,1435.5,1435.5999755859375,317960
2026-02-19 04:15:00,1435.699951171875,1436.9000244140625,1434.300048828125,1435.0,187515
2026-02-19 04:30:00,1434.800048828125,1434.9000244140625,1431.5999755859375,1432.199951171875,162415
2026-02-19 04:45:00,1432.199951171875,1432.9000244140625,1429.199951171875,1431.199951171875,194317
2026-02-19 05:00:00,1431.0,1431.800048828125,1429.5999755859375,1430.5999755859375,84506
2026-02-19 05:15:00,1430.5999755859375,1431.0,1427.0,1428.800048828125,104125
2026-02-19 05:30:00,1428.5,1429.0999755859375,1427.300048828125,1427.800048828125,72227
2026-02-19 05:45:00,1427.5999755859375,1429.5,1427.0,1427.0999755859375,67674
2026-02-19 06:00:00,1427.0,1427.800048828125,1425.199951171875,1426.0,71073
2026-02-19 06:15:00,1426.0,1426.199951171875,1424.0,1425.4000244140625,108061
2026-02-19 06:30:00,1425.4000244140625,1425.800048828125,1423.199951171875,1424.300048828125,84843
2026-02-19 06:45:00,1424.4000244140625,1424.4000244140625,1419.199951171875,1421.4000244140625,195014
2026-02-19 07:00:00,1421.5,1424.0,1420.199951171875,1420.800048828125,255460
2026-02-19 07:15:00,1420.699951171875,1421.0,1416.9000244140625,1417.9000244140625,152930
2026-02-19 07:30:00,1418.4000244140625,1420.4000244140625,1417.5,1418.5,185698
2026-02-19 07:45:00,1418.5,1421.5999755859375,1417.5999755859375,1418.5,631139
2026-02-19 08:00:00,1418.5,1422.5,1417.0,1418.699951171875,634430
2026-02-19 08:15:00,1418.800048828125,1419.0,1416.199951171875,1416.4000244140625,193708
2026-02-19 08:30:00,1416.4000244140625,1417.5999755859375,1413.800048828125,1414.4000244140625,828350
2026-02-19 08:45:00,1414.4000244140625,1416.5,1413.5999755859375,1415.9000244140625,366815
2026-02-19 09:00:00,1416.0,1416.5999755859375,1412.300048828125,1413.800048828125,675745
2026-02-19 09:15:00,1413.800048828125,1415.300048828125,1410.800048828125,1412.4000244140625,433330
2026-02-19 09:30:00,1412.199951171875,1413.9000244140625,1407.199951171875,1413.9000244140625,1755316
2026-02-19 09:45:00,1413.300048828125,1414.5,1403.300048828125,1404.199951171875,2920115
2026-02-19 10:00:00,1403.5999755859375,1407.5,1401.0999755859375,1407.300048828125,904108
2026-02-20 03:45:00,1409.5,1412.699951171875,1407.0999755859375,1410.4000244140625,0
2026-02-20 04:00:00,1410.4000244140625,1415.0,1408.4000244140625,1414.5,254002
2026-02-20 04:15:00,1414.5999755859375,1417.5,1413.5,1416.0,638690
2026-02-20 04:30:00,1416.199951171875,1416.5999755859375,1413.0999755859375,1414.199951171875,132164
2026-02-20 04:45:00,1414.0999755859375,1414.9000244140625,1410.5,1414.199951171875,141641
2026-02-20 05:00:00,1414.0999755859375,1416.0999755859375,1413.0,1414.4000244140625,290804
2026-02-20 05:15:00,1414.800048828125,1420.9000244140625,1414.800048828125,1420.300048828125,266995
2026-02-20 05:30:00,1420.300048828125,1421.800048828125,1419.0,1421.5,157851
2026-02-20 05:45:00,1421.5,1422.0,1419.0,1420.9000244140625,119504
2026-02-20 06:00:00,1420.699951171875,1421.9000244140625,1419.5,1421.300048828125,111995
2026-02-20 06:15:00,1421.4000244140625,1423.800048828125,1420.9000244140625,1421.199951171875,109145
2026-02-20 06:30:00,1421.0999755859375,1422.9000244140625,1420.300048828125,1421.4000244140625,75401
2026-02-20 06:45:00,1421.5,1424.5,1420.699951171875,1424.0,86206
2026-02-20 07:00:00,1424.0,1426.5,1423.699951171875,1424.5999755859375,303417
2026-02-20 07:15:00,1424.5999755859375,1426.4000244140625,1423.0999755859375,1425.699951171875,511104
2026-02-20 07:30:00,1425.699951171875,1427.300048828125,1423.5,1425.0,331981
2026-02-20 07:45:00,1425.0,1425.0,1419.300048828125,1420.0,171854
2026-02-20 08:00:00,1420.300048828125,1424.5,1419.0,1424.5,697855
2026-02-20 08:15:00,1424.199951171875,1425.0,1419.5,1420.5,442848
2026-02-20 08:30:00,1420.5,1423.699951171875,1418.5,1421.4000244140625,169989
2026-02-20 08:45:00,1421.4000244140625,1425.9000244140625,1420.199951171875,1425.800048828125,390346
2026-02-20 09:00:00,1425.9000244140625,1426.0,1420.5999755859375,1422.5,462105
2026-02-20 09:15:00,1422.5,1424.5,1421.0,1424.0,151694
2026-02-20 09:30:00,1424.0,1426.0,1421.5999755859375,1422.0,357727
2026-02-20 09:45:00,1421.9000244140625,1422.0,1417.699951171875,1418.5,908831
2026-02-20 10:00:00,1419.0,1420.800048828125,1418.0,1419.4000244140625,579092
2026-02-23 03:45:00,1426.0,1432.9000244140625,1423.0,1432.199951171875,0
2026-02-23 04:00:00,1432.300048828125,1434.9000244140625,1430.0999755859375,1433.199951171875,321681
2026-02-23 04:15:00,1433.300048828125,1434.0,1429.4000244140625,1429.4000244140625,209702
2026-02-23 04:30:00,1429.5,1431.199951171875,1427.5,1428.5,166626
2026-02-23 04:45:00,1428.5,1429.9000244140625,1425.0999755859375,1427.800048828125,191928
2026-02-23 05:00:00,1427.800048828125,1428.0,1424.5999755859375,1425.800048828125,159748
2026-02-23 05:15:00,1425.9000244140625,1426.699951171875,1422.300048828125,1424.9000244140625,267013
2026-02-23 05:30:00,1424.9000244140625,1427.4000244140625,1424.5,1426.0,206005
2026-02-23 05:45:00,1426.0,1427.9000244140625,1424.9000244140625,1426.0,221417
2026-02-23 06:00:00,1426.0,1426.4000244140625,1423.0999755859375,1423.4000244140625,97193
2026-02-23 06:15:00,1423.300048828125,1423.5,1419.699951171875,1420.4000244140625,150418
2026-02-23 06:30:00,1420.4000244140625,1421.9000244140625,1419.199951171875,1421.699951171875,112819
2026-02-23 06:45:00,1421.800048828125,1424.0,1421.300048828125,1422.5999755859375,151442
2026-02-23 07:00:00,1422.5999755859375,1422.9000244140625,1420.0,1421.300048828125,122495
2026-02-23 07:15:00,1421.199951171875,1426.199951171875,1421.199951171875,1423.800048828125,437336
2026-02-23 07:30:00,1423.5999755859375,1424.5999755859375,1422.0999755859375,1423.199951171875,526264
2026-02-23 07:45:00,1423.199951171875,1425.199951171875,1423.0,1424.300048828125,381703
2026-02-23 08:00:00,1424.300048828125,1425.800048828125,1422.9000244140625,1423.199951171875,379191
2026-02-23 08:15:00,1423.199951171875,1423.9000244140625,1420.300048828125,1421.0,644388
2026-02-23 08:30:00,1421.0,1421.5,1418.5999755859375,1419.9000244140625,195642
2026-02-23 08:45:00,1419.5999755859375,1421.5999755859375,1418.5,1421.5999755859375,191524
2026-02-23 09:00:00,1421.5999755859375,1427.5,1421.0,1425.800048828125,518982
2026-02-23 09:15:00,1425.800048828125,1428.199951171875,1425.199951171875,1427.699951171875,274267
2026-02-23 09:30:00,1428.0,1428.199951171875,1423.0,1427.300048828125,450677
2026-02-23 09:45:00,1427.300048828125,1429.5,1427.300048828125,1429.300048828125,631520
2026-02-23 10:00:00,1429.4000244140625,1430.0,1424.5,1428.0,432153
2026-02-24 03:45:00,1427.0,1427.0,1420.800048828125,1423.0999755859375,0
2026-02-24 04:00:00,1423.4000244140625,1427.300048828125,1421.0999755859375,1421.9000244140625,245206
2026-02-24 04:15:00,1421.800048828125,1423.9000244140625,1417.5,1422.300048828125,228825
2026-02-24 04:30:00,1422.199951171875,1422.300048828125,1419.0,1420.4000244140625,101634
2026-02-24 04:45:00,1420.0,1420.800048828125,1415.699951171875,1416.9000244140625,189026
2026-02-24 05:00:00,1417.0,1417.800048828125,1415.0,1416.699951171875,200904
2026-02-24 05:15:00,1416.800048828125,1417.699951171875,1416.0999755859375,1416.4000244140625,131200
2026-02-24 05:30:00,1416.699951171875,1418.9000244140625,1415.199951171875,1418.800048828125,159899
2026-02-24 05:45:00,1418.5,1421.699951171875,1418.199951171875,1420.5999755859375,147028
2026-02-24 06:00:00,1420.5999755859375,1422.4000244140625,1419.199951171875,1419.800048828125,272346
2026-02-24 06:15:00,1420.0,1421.4000244140625,1419.199951171875,1421.0,162731
2026-02-24 06:30:00,1421.0,1422.300048828125,1419.800048828125,1420.4000244140625,276740
2026-02-24 06:45:00,1421.0,1422.9000244140625,1420.300048828125,1421.9000244140625,382924
2026-02-24 07:00:00,1421.800048828125,1424.9000244140625,1421.699951171875,1424.9000244140625,365605
2026-02-24 07:15:00,1424.9000244140625,1425.800048828125,1420.5999755859375,1421.5,318532
2026-02-24 07:30:00,1421.5999755859375,1423.5,1421.0999755859375,1423.0999755859375,193931
2026-02-24 07:45:00,1423.199951171875,1425.0,1423.0,1424.0,467134
2026-02-24 08:00:00,1424.0,1424.0,1420.5,1420.9000244140625,235565
2026-02-24 08:15:00,1420.9000244140625,1422.300048828125,1419.0999755859375,1420.0999755859375,221087
2026-02-24 08:30:00,1420.0999755859375,1423.9000244140625,1420.0,1422.4000244140625,610945
2026-02-24 08:45:00,1422.4000244140625,1428.9000244140625,1422.4000244140625,1427.5999755859375,950606
2026-02-24 09:00:00,1427.699951171875,1427.699951171875,1423.300048828125,1426.9000244140625,1084946
2026-02-24 09:15:00,1426.9000244140625,1428.699951171875,1422.699951171875,1425.5999755859375,999350
2026-02-24 09:30:00,1425.800048828125,1427.0999755859375,1424.0999755859375,1424.699951171875,993821
2026-02-24 09:45:00,1424.5999755859375,1431.699951171875,1424.0999755859375,1430.0,2255903
2026-02-24 10:00:00,1430.0999755859375,1433.300048828125,1429.300048828125,1432.0,935174
2026-02-25 03:45:00,1435.0,1440.5,1432.0,1433.4000244140625,0
2026-02-25 04:00:00,1433.800048828125,1435.5999755859375,1431.5999755859375,1432.699951171875,226232
2026-02-25 04:15:00,1432.699951171875,1433.4000244140625,1430.0,1432.9000244140625,148827
2026-02-25 04:30:00,1432.5999755859375,1435.0,1431.5999755859375,1433.9000244140625,130059
2026-02-25 04:45:00,1433.5999755859375,1434.699951171875,1432.5,1433.0,117085
2026-02-25 05:00:00,1433.0,1435.800048828125,1432.5999755859375,1435.0,256642
2026-02-25 05:15:00,1435.0,1435.0,1430.699951171875,1431.0,220559
2026-02-25 05:30:00,1431.0,1431.4000244140625,1429.0999755859375,1430.0999755859375,177579
2026-02-25 05:45:00,1430.0999755859375,1431.699951171875,1428.800048828125,1431.4000244140625,264147
2026-02-25 06:00:00,1431.4000244140625,1431.9000244140625,1428.199951171875,1428.5999755859375,177713
2026-02-25 06:15:00,1428.9000244140625,1431.0,1428.5999755859375,1430.199951171875,154778
2026-02-25 06:30:00,1430.199951171875,1430.199951171875,1428.5999755859375,1429.699951171875,88998
2026-02-25 06:45:00,1430.0,1430.199951171875,1427.4000244140625,1428.5,282508
2026-02-25 07:00:00,1428.5,1429.199951171875,1424.300048828125,1424.800048828125,167892
2026-02-25 07:15:00,1424.800048828125,1424.9000244140625,1416.0999755859375,1416.5999755859375,484605
2026-02-25 07:30:00,1416.5,1418.0,1410.0999755859375,1412.4000244140625,586122
2026-02-25 07:45:00,1412.699951171875,1414.699951171875,1411.0,1414.0999755859375,331862
2026-02-25 08:00:00,1414.0,1414.5,1407.300048828125,1409.199951171875,719818
2026-02-25 08:15:00,1409.0999755859375,1410.5999755859375,1407.300048828125,1410.300048828125,172943
2026-02-25 08:30:00,1410.5999755859375,1411.5,1408.4000244140625,1409.5,185137
2026-02-25 08:45:00,1409.300048828125,1414.800048828125,1407.9000244140625,1414.800048828125,702781
2026-02-25 09:00:00,1414.699951171875,1414.699951171875,1407.4000244140625,1409.800048828125,1243636
2026-02-25 09:15:00,1409.699951171875,1410.0999755859375,1403.0999755859375,1403.5,470173
2026-02-25 09:30:00,1403.699951171875,1404.5,1398.199951171875,1400.699951171875,953781
2026-02-25 09:45:00,1400.699951171875,1401.699951171875,1393.5,1399.699951171875,1230652
2026-02-25 10:00:00,1399.800048828125,1400.9000244140625,1397.699951171875,1400.699951171875,688650
2026-02-26 03:45:00,1400.0,1406.0999755859375,1397.4000244140625,1403.5999755859375,0
2026-02-26 04:00:00,1404.0,1404.199951171875,1397.0,1402.199951171875,372760
2026-02-26 04:15:00,1402.300048828125,1403.0,1400.4000244140625,1401.800048828125,172837
2026-02-26 04:30:00,1402.0999755859375,1402.0999755859375,1397.0,1399.5,202788
2026-02-26 04:45:00,1399.800048828125,1404.0,1399.800048828125,1403.0999755859375,156951
2026-02-26 05:00:00,1403.0999755859375,1403.4000244140625,1400.5,1402.0,126047
2026-02-26 05:15:00,1402.0,1403.800048828125,1400.300048828125,1403.0,137021
2026-02-26 05:30:00,1403.0,1405.0,1401.0999755859375,1404.5,177112
2026-02-26 05:45:00,1404.699951171875,1406.800048828125,1404.5,1406.800048828125,150786
2026-02-26 06:00:00,1406.5,1409.0999755859375,1405.0,1405.0,548898
2026-02-26 06:15:00,1405.0999755859375,1405.699951171875,1392.0999755859375,1398.800048828125,1204263
2026-02-26 06:30:00,1399.0999755859375,1401.699951171875,1395.9000244140625,1398.800048828125,706936
2026-02-26 06:45:00,1398.699951171875,1404.199951171875,1398.699951171875,1400.0,700258
2026-02-26 07:00:00,1400.5,1405.800048828125,1395.4000244140625,1403.9000244140625,686042
2026-02-26 07:15:00,1404.0999755859375,1408.5,1403.0,1406.0999755859375,797005
2026-02-26 07:30:00,1406.199951171875,1406.300048828125,1398.9000244140625,1406.0,1120566
2026-02-26 07:45:00,1406.0,1406.0,1400.5,1402.5,292713
2026-02-26 08:00:00,1402.5,1404.699951171875,1401.4000244140625,1402.0999755859375,272319
2026-02-26 08:15:00,1402.300048828125,1403.5999755859375,1400.5999755859375,1402.199951171875,325630
2026-02-26 08:30:00,1402.199951171875,1406.9000244140625,1401.800048828125,1404.0999755859375,991056
2026-02-26 08:45:00,1404.0999755859375,1406.5999755859375,1401.300048828125,1405.800048828125,261789
2026-02-26 09:00:00,1405.800048828125,1406.5999755859375,1402.300048828125,1405.0,793291
2026-02-26 09:15:00,1405.0,1410.699951171875,1405.0,1408.0,916179
2026-02-26 09:30:00,1408.0,1412.9000244140625,1404.5,1405.5,2452380
2026-02-26 09:45:00,1405.5,1408.800048828125,1401.699951171875,1406.5999755859375,2063600
2026-02-26 10:00:00,1406.699951171875,1409.5999755859375,1406.0999755859375,1406.800048828125,401687
2026-02-27 03:45:00,1400.5,1402.4000244140625,1388.0999755859375,1391.0,0
2026-02-27 04:00:00,1390.800048828125,1394.9000244140625,1389.699951171875,1393.0999755859375,391967
2026-02-27 04:15:00,1393.199951171875,1393.9000244140625,1391.199951171875,1391.699951171875,161468
2026-02-27 04:30:00,1390.5999755859375,1393.800048828125,1390.5,1393.800048828125,194644
2026-02-27 04:45:00,1393.800048828125,1397.5,1393.0,1396.800048828125,312253
2026-02-27 05:00:00,1396.699951171875,1401.9000244140625,1396.0999755859375,1399.699951171875,309005
2026-02-27 05:15:00,1399.5999755859375,1401.0,1397.9000244140625,1401.0,239211
2026-02-27 05:30:00,1401.0,1402.5,1400.5,1402.4000244140625,166785
2026-02-27 05:45:00,1402.4000244140625,1404.0,1401.199951171875,1402.0999755859375,249999
2026-02-27 06:00:00,1402.0999755859375,1402.5,1401.0,1401.4000244140625,148878
2026-02-27 06:15:00,1401.4000244140625,1404.699951171875,1398.5,1404.5999755859375,490786
2026-02-27 06:30:00,1404.5999755859375,1407.4000244140625,1403.699951171875,1406.5999755859375,480360
2026-02-27 06:45:00,1406.800048828125,1407.199951171875,1404.300048828125,1405.699951171875,147710
2026-02-27 07:00:00,1405.699951171875,1410.199951171875,1405.0999755859375,1408.5,520364
2026-02-27 07:15:00,1408.800048828125,1408.800048828125,1405.0,1406.300048828125,160387
2026-02-27 07:30:00,1406.0999755859375,1407.5,1404.300048828125,1405.699951171875,111147
2026-02-27 07:45:00,1405.9000244140625,1406.300048828125,1405.0999755859375,1406.0,84897
2026-02-27 08:00:00,1405.9000244140625,1407.300048828125,1405.300048828125,1405.699951171875,99313
2026-02-27 08:15:00,1405.5,1406.9000244140625,1404.199951171875,1406.699951171875,221593
2026-02-27 08:30:00,1406.699951171875,1409.4000244140625,1406.0,1406.9000244140625,134098
2026-02-27 08:45:00,1406.800048828125,1408.5999755859375,1406.300048828125,1407.699951171875,138654
2026-02-27 09:00:00,1407.699951171875,1408.0,1403.5,1404.199951171875,180760
2026-02-27 09:15:00,1403.9000244140625,1406.5,1403.0,1403.4000244140625,194740
2026-02-27 09:30:00,1403.4000244140625,1405.5,1394.0999755859375,1394.4000244140625,1386170
2026-02-27 09:45:00,1394.0999755859375,1395.4000244140625,1390.5,1392.5,3112719
2026-02-27 10:00:00,1392.4000244140625,1394.9000244140625,1392.0999755859375,1394.800048828125,1828667
2026-03-02 03:45:00,1376.9000244140625,1377.199951171875,1362.699951171875,1369.5,0
2026-03-02 04:00:00,1369.0999755859375,1376.9000244140625,1366.0,1376.199951171875,879721
2026-03-02 04:15:00,1376.5,1378.199951171875,1372.0,1374.5999755859375,418549
2026-03-02 04:30:00,1374.5,1376.300048828125,1369.800048828125,1370.9000244140625,394222
2026-03-02 04:45:00,1370.5999755859375,1370.5999755859375,1364.0999755859375,1366.0,883110
2026-03-02 05:00:00,1366.0999755859375,1366.199951171875,1363.4000244140625,1365.5,392938
2026-03-02 05:15:00,1365.4000244140625,1366.300048828125,1363.5,1364.5999755859375,283769
2026-03-02 05:30:00,1364.5,1367.199951171875,1364.4000244140625,1365.0,365866
2026-03-02 05:45:00,1364.9000244140625,1365.800048828125,1362.199951171875,1363.199951171875,452706
2026-03-02 06:00:00,1363.199951171875,1365.199951171875,1358.5999755859375,1363.0,897808
2026-03-02 06:15:00,1362.9000244140625,1364.699951171875,1362.5,1362.9000244140625,214440
2026-03-02 06:30:00,1362.800048828125,1363.0999755859375,1360.0,1360.0999755859375,251905
2026-03-02 06:45:00,1360.199951171875,1361.4000244140625,1357.5999755859375,1359.0,345476
2026-03-02 07:00:00,1359.0999755859375,1360.0,1355.0,1357.5,646751
2026-03-02 07:15:00,1357.5999755859375,1358.0,1353.199951171875,1354.800048828125,920589
2026-03-02 07:30:00,1354.699951171875,1355.0999755859375,1351.300048828125,1353.0,709769
2026-03-02 07:45:00,1353.0,1353.800048828125,1350.5,1350.800048828125,529586
2026-03-02 08:00:00,1351.0,1352.4000244140625,1347.800048828125,1350.300048828125,626261
2026-03-02 08:15:00,1350.0,1350.5,1346.5,1347.0999755859375,833709
2026-03-02 08:30:00,1347.0,1351.0,1341.5999755859375,1346.300048828125,963200
2026-03-02 08:45:00,1346.5999755859375,1354.9000244140625,1346.5999755859375,1352.800048828125,1052089
2026-03-02 09:00:00,1352.699951171875,1353.5999755859375,1345.5,1350.699951171875,1017158
2026-03-02 09:15:00,1351.4000244140625,1359.699951171875,1350.699951171875,1358.0999755859375,1859233
2026-03-02 09:30:00,1358.4000244140625,1360.699951171875,1354.0999755859375,1359.199951171875,1774886
2026-03-02 09:45:00,1359.0,1361.699951171875,1354.0,1361.300048828125,4881486
2026-03-02 10:00:00,1361.300048828125,1361.699951171875,1357.300048828125,1360.0,1072789
2026-03-04 03:45:00,1330.0999755859375,1337.5,1317.0,1318.5,0
2026-03-04 04:00:00,1318.300048828125,1320.5,1308.699951171875,1313.0999755859375,3967667
2026-03-04 04:15:00,1313.0,1317.800048828125,1307.199951171875,1317.0,1535494
2026-03-04 04:30:00,1316.699951171875,1321.800048828125,1314.699951171875,1320.300048828125,1005889
2026-03-04 04:45:00,1320.0,1334.9000244140625,1320.0,1330.699951171875,1788088
2026-03-04 05:00:00,1330.699951171875,1340.4000244140625,1330.5,1338.800048828125,820984
2026-03-04 05:15:00,1338.9000244140625,1341.0,1335.699951171875,1337.699951171875,734044
2026-03-04 05:30:00,1337.699951171875,1345.4000244140625,1335.0,1345.4000244140625,780673
2026-03-04 05:45:00,1344.800048828125,1348.0,1340.699951171875,1344.9000244140625,991328
2026-03-04 06:00:00,1344.9000244140625,1347.300048828125,1341.199951171875,1343.300048828125,1053511
2026-03-04 06:15:00,1343.300048828125,1345.0,1338.199951171875,1343.800048828125,670740
2026-03-04 06:30:00,1343.699951171875,1346.5999755859375,1343.699951171875,1344.300048828125,341076
2026-03-04 06:45:00,1344.300048828125,1346.800048828125,1342.9000244140625,1343.699951171875,395269
2026-03-04 07:00:00,1344.0999755859375,1345.4000244140625,1343.5999755859375,1345.0999755859375,512296
2026-03-04 07:15:00,1345.0999755859375,1345.699951171875,1341.9000244140625,1344.199951171875,429731
2026-03-04 07:30:00,1344.199951171875,1347.0,1341.0999755859375,1341.199951171875,475088
2026-03-04 07:45:00,1341.199951171875,1342.5,1339.9000244140625,1340.0999755859375,575042
2026-03-04 08:00:00,1340.0,1342.4000244140625,1335.699951171875,1336.5,791358
2026-03-04 08:15:00,1336.5,1340.300048828125,1334.199951171875,1337.0999755859375,1156361
2026-03-04 08:30:00,1337.0999755859375,1341.699951171875,1336.199951171875,1341.4000244140625,764704
2026-03-04 08:45:00,1341.300048828125,1347.5,1339.5999755859375,1345.0999755859375,1000539
2026-03-04 09:00:00,1345.0999755859375,1347.800048828125,1343.0999755859375,1345.800048828125,1641296
2026-03-04 09:15:00,1346.199951171875,1351.300048828125,1344.5999755859375,1348.4000244140625,1338174
2026-03-04 09:30:00,1348.300048828125,1352.800048828125,1345.4000244140625,1346.0999755859375,1893006
2026-03-04 09:45:00,1346.0999755859375,1347.0,1340.0,1343.9000244140625,2555815
2026-03-04 10:00:00,1344.0,1349.4000244140625,1343.800048828125,1345.300048828125,1497312
2026-03-05 03:45:00,1354.9000244140625,1374.4000244140625,1354.9000244140625,1369.800048828125,0
2026-03-05 04:00:00,1369.5,1378.800048828125,1367.5999755859375,1373.5999755859375,1210963
2026-03-05 04:15:00,1373.4000244140625,1382.4000244140625,1371.0,1380.5,1987512
2026-03-05 04:30:00,1380.5,1387.199951171875,1380.300048828125,1384.699951171875,871652
2026-03-05 04:45:00,1384.699951171875,1386.5999755859375,1381.199951171875,1381.4000244140625,759765
2026-03-05 05:00:00,1381.5999755859375,1381.9000244140625,1374.699951171875,1375.699951171875,1154060
2026-03-05 05:15:00,1376.0,1385.5,1375.9000244140625,1382.5999755859375,520717
2026-03-05 05:30:00,1382.5,1385.5,1381.5,1382.9000244140625,269493
2026-03-05 05:45:00,1383.0,1385.0,1382.0,1384.0999755859375,391169
2026-03-05 06:00:00,1384.0999755859375,1385.9000244140625,1380.199951171875,1383.699951171875,302791
2026-03-05 06:15:00,1383.4000244140625,1383.9000244140625,1381.4000244140625,1381.5999755859375,673610
2026-03-05 06:30:00,1381.199951171875,1385.699951171875,1379.4000244140625,1385.5,1092980
2026-03-05 06:45:00,1385.5999755859375,1388.300048828125,1383.5999755859375,1385.0,1073984
2026-03-05 07:00:00,1385.199951171875,1386.4000244140625,1383.199951171875,1383.4000244140625,314194
2026-03-05 07:15:00,1383.5,1385.9000244140625,1383.0,1383.300048828125,209730
2026-03-05 07:30:00,1383.4000244140625,1385.0,1381.9000244140625,1382.300048828125,286303
2026-03-05 07:45:00,1382.4000244140625,1382.800048828125,1381.0999755859375,1381.699951171875,473917
2026-03-05 08:00:00,1381.699951171875,1386.199951171875,1380.800048828125,1383.199951171875,854645
2026-03-05 08:15:00,1383.0999755859375,1383.5,1381.4000244140625,1382.5,643981
2026-03-05 08:30:00,1382.5,1382.5999755859375,1378.800048828125,1379.199951171875,847741
2026-03-05 08:45:00,1379.199951171875,1379.800048828125,1376.0999755859375,1376.9000244140625,706646
2026-03-05 09:00:00,1377.0999755859375,1381.9000244140625,1377.0999755859375,1378.5999755859375,779914
2026-03-05 09:15:00,1378.5999755859375,1392.5,1378.0999755859375,1390.199951171875,1640120
2026-03-05 09:30:00,1390.199951171875,1399.0,1384.300048828125,1390.699951171875,2922711
2026-03-05 09:45:00,1390.5,1392.5,1384.4000244140625,1385.199951171875,3246796
2026-03-05 10:00:00,1385.199951171875,1389.9000244140625,1383.5,1386.4000244140625,1459816
2026-03-06 03:45:00,1398.5999755859375,1401.800048828125,1390.300048828125,1401.0,0
2026-03-06 04:00:00,1400.9000244140625,1417.199951171875,1400.699951171875,1416.300048828125,2149266
2026-03-06 04:15:00,1416.5,1419.4000244140625,1412.5999755859375,1413.0,1292588
2026-03-06 04:30:00,1413.0,1414.9000244140625,1409.9000244140625,1413.9000244140625,515706
2026-03-06 04:45:00,1414.300048828125,1423.800048828125,1413.199951171875,1423.800048828125,660021
2026-03-06 05:00:00,1423.800048828125,1424.199951171875,1420.0,1420.800048828125,602373
2026-03-06 05:15:00,1420.4000244140625,1421.699951171875,1416.300048828125,1416.300048828125,615651
2026-03-06 05:30:00,1416.300048828125,1420.300048828125,1415.5,1420.0,508193
2026-03-06 05:45:00,1420.0999755859375,1422.699951171875,1415.0999755859375,1416.9000244140625,428658
2026-03-06 06:00:00,1416.9000244140625,1418.4000244140625,1412.0,1417.800048828125,687484
2026-03-06 06:15:00,1417.800048828125,1422.0,1417.699951171875,1420.5999755859375,598321
2026-03-06 06:30:00,1420.699951171875,1421.800048828125,1416.0999755859375,1416.300048828125,664974
2026-03-06 06:45:00,1416.199951171875,1418.5,1412.800048828125,1413.300048828125,475279
2026-03-06 07:00:00,1413.5,1416.699951171875,1412.0999755859375,1415.5999755859375,902305
2026-03-06 07:15:00,1415.5,1417.699951171875,1415.0,1417.5,277856
2026-03-06 07:30:00,1417.5999755859375,1420.4000244140625,1417.199951171875,1418.300048828125,624516
2026-03-06 07:45:00,1418.300048828125,1419.0,1415.800048828125,1417.4000244140625,364283
2026-03-06 08:00:00,1417.4000244140625,1419.0,1413.5,1415.0999755859375,481172
2026-03-06 08:15:00,1414.9000244140625,1418.699951171875,1411.5999755859375,1412.4000244140625,785057
2026-03-06 08:30:00,1412.4000244140625,1413.5999755859375,1408.0,1411.5,977408
2026-03-06 08:45:00,1411.5,1414.9000244140625,1411.0999755859375,1413.9000244140625,768737
2026-03-06 09:00:00,1413.9000244140625,1417.199951171875,1412.0,1416.0,612595
2026-03-06 09:15:00,1415.800048828125,1417.0,1402.4000244140625,1405.0999755859375,822866
2026-03-06 09:30:00,1405.0999755859375,1409.5,1404.5,1405.0,716359
2026-03-06 09:45:00,1404.9000244140625,1406.300048828125,1401.0,1403.0,1259060
2026-03-06 10:00:00,1402.9000244140625,1409.699951171875,1402.800048828125,1408.0,593650
2026-03-09 03:45:00,1375.0,1401.300048828125,1375.0,1392.699951171875,0
2026-03-09 04:00:00,1392.199951171875,1406.800048828125,1390.800048828125,1400.699951171875,2807223
2026-03-09 04:15:00,1400.699951171875,1409.0,1395.5,1403.5999755859375,1739031
2026-03-09 04:30:00,1403.4000244140625,1412.9000244140625,1402.199951171875,1408.0999755859375,1233634
2026-03-09 04:45:00,1407.9000244140625,1409.699951171875,1399.4000244140625,1401.0,832419
2026-03-09 05:00:00,1400.5,1402.4000244140625,1396.300048828125,1401.0,798154
2026-03-09 05:15:00,1400.9000244140625,1403.5999755859375,1398.9000244140625,1399.4000244140625,427252
2026-03-09 05:30:00,1399.0999755859375,1402.5,1397.199951171875,1398.5,569760
2026-03-09 05:45:00,1398.800048828125,1402.5,1391.0999755859375,1393.9000244140625,820664
2026-03-09 06:00:00,1393.5,1400.300048828125,1393.0,1399.0999755859375,794336
2026-03-09 06:15:00,1399.4000244140625,1406.0,1399.4000244140625,1402.699951171875,1035705
2026-03-09 06:30:00,1402.800048828125,1405.300048828125,1400.0,1401.0,374156
2026-03-09 06:45:00,1400.9000244140625,1400.9000244140625,1395.699951171875,1399.5999755859375,499529
2026-03-09 07:00:00,1399.5999755859375,1401.5,1397.0999755859375,1397.9000244140625,613126
2026-03-09 07:15:00,1397.9000244140625,1401.0999755859375,1397.0,1400.5999755859375,355268
2026-03-09 07:30:00,1400.699951171875,1407.699951171875,1400.199951171875,1406.699951171875,1164635
2026-03-09 07:45:00,1406.4000244140625,1407.9000244140625,1402.300048828125,1402.800048828125,1032484
2026-03-09 08:00:00,1402.800048828125,1409.5,1402.5,1407.699951171875,866862
2026-03-09 08:15:00,1407.5999755859375,1408.300048828125,1403.300048828125,1405.5999755859375,645659
2026-03-09 08:30:00,1405.5999755859375,1408.699951171875,1404.800048828125,1408.300048828125,399679
2026-03-09 08:45:00,1408.199951171875,1410.199951171875,1407.300048828125,1409.0,404008
2026-03-09 09:00:00,1408.9000244140625,1413.5999755859375,1408.0999755859375,1412.0,648340
2026-03-09 09:15:00,1412.0999755859375,1420.0,1411.0999755859375,1418.0999755859375,782343
2026-03-09 09:30:00,1418.5,1428.5,1416.699951171875,1427.0,1182088
2026-03-09 09:45:00,1427.0999755859375,1429.0,1421.5999755859375,1422.300048828125,1446925
2026-03-09 10:00:00,1422.199951171875,1422.699951171875,1418.5999755859375,1418.5999755859375,643779
2026-03-10 03:45:00,1431.5,1431.5,1401.0,1401.699951171875,0
2026-03-10 04:00:00,1402.300048828125,1410.800048828125,1401.9000244140625,1405.0,1049601
2026-03-10 04:15:00,1404.9000244140625,1410.9000244140625,1402.5999755859375,1410.5999755859375,752756
2026-03-10 04:30:00,1410.5,1415.0,1409.800048828125,1414.199951171875,500224
2026-03-10 04:45:00,1414.199951171875,1417.699951171875,1412.5999755859375,1416.9000244140625,362976
2026-03-10 05:00:00,1416.699951171875,1416.9000244140625,1413.199951171875,1416.5999755859375,286573
2026-03-10 05:15:00,1416.5999755859375,1421.0,1415.199951171875,1418.5999755859375,355106
2026-03-10 05:30:00,1418.199951171875,1418.300048828125,1412.5,1416.5,262730
2026-03-10 05:45:00,1416.4000244140625,1418.5999755859375,1414.699951171875,1415.0,421473
2026-03-10 06:00:00,1415.0,1418.4000244140625,1415.0,1416.800048828125,531623
2026-03-10 06:15:00,1416.9000244140625,1418.5,1411.5999755859375,1411.9000244140625,270279
2026-03-10 06:30:00,1411.300048828125,1413.9000244140625,1410.0,1411.9000244140625,251472
2026-03-10 06:45:00,1411.800048828125,1414.5999755859375,1408.5,1409.5,383168
2026-03-10 07:00:00,1409.5,1412.5,1407.0,1412.5,642675
2026-03-10 07:15:00,1412.5,1414.699951171875,1405.800048828125,1410.4000244140625,1080009
2026-03-10 07:30:00,1410.4000244140625,1413.800048828125,1409.300048828125,1409.9000244140625,462204
2026-03-10 07:45:00,1410.199951171875,1410.800048828125,1407.199951171875,1408.0999755859375,818803
2026-03-10 08:00:00,1408.0999755859375,1413.5999755859375,1407.5999755859375,1413.4000244140625,691251
2026-03-10 08:15:00,1413.300048828125,1415.800048828125,1412.4000244140625,1412.9000244140625,572291
2026-03-10 08:30:00,1412.800048828125,1414.0,1410.5999755859375,1411.0999755859375,290656
2026-03-10 08:45:00,1411.199951171875,1415.5,1411.0,1412.0999755859375,599490
2026-03-10 09:00:00,1412.0999755859375,1412.199951171875,1408.5999755859375,1409.5,593792
2026-03-10 09:15:00,1409.199951171875,1414.0,1409.0999755859375,1413.699951171875,720762
2026-03-10 09:30:00,1414.0,1415.300048828125,1406.5999755859375,1409.5,1795667
2026-03-10 09:45:00,1409.5,1411.5,1406.0,1409.5,2472455
2026-03-10 10:00:00,1409.5,1412.199951171875,1405.699951171875,1410.9000244140625,1114262
2026-03-11 03:45:00,1424.9000244140625,1432.0999755859375,1417.199951171875,1431.0999755859375,0
2026-03-11 04:00:00,1431.0999755859375,1433.5,1412.199951171875,1412.800048828125,1985361
2026-03-11 04:15:00,1412.800048828125,1413.0,1401.5,1406.199951171875,1461670
2026-03-11 04:30:00,1406.0999755859375,1407.0,1395.699951171875,1404.5,1069799
2026-03-11 04:45:00,1404.5999755859375,1405.0,1401.800048828125,1403.199951171875,334916
2026-03-11 05:00:00,1403.5,1404.699951171875,1400.4000244140625,1403.300048828125,274925
2026-03-11 05:15:00,1403.300048828125,1404.300048828125,1399.5999755859375,1403.699951171875,491167
2026-03-11 05:30:00,1403.699951171875,1404.9000244140625,1399.199951171875,1400.5999755859375,806914
2026-03-11 05:45:00,1400.5999755859375,1401.0,1397.300048828125,1399.0,340503
2026-03-11 06:00:00,1399.300048828125,1400.4000244140625,1397.0,1397.699951171875,326433
2026-03-11 06:15:00,1397.699951171875,1398.5999755859375,1395.5,1397.0,330375
2026-03-11 06:30:00,1397.0999755859375,1397.5999755859375,1392.5,1397.300048828125,467147
2026-03-11 06:45:00,1397.5,1399.5999755859375,1396.0999755859375,1399.0999755859375,392448
2026-03-11 07:00:00,1399.199951171875,1402.199951171875,1399.0,1400.4000244140625,505434
2026-03-11 07:15:00,1400.9000244140625,1401.800048828125,1397.800048828125,1400.699951171875,480424
2026-03-11 07:30:00,1400.800048828125,1401.5,1398.0,1400.800048828125,522616
2026-03-11 07:45:00,1400.800048828125,1402.9000244140625,1399.5,1402.199951171875,1069014
2026-03-11 08:00:00,1402.0999755859375,1405.800048828125,1401.5,1403.199951171875,479439
2026-03-11 08:15:00,1402.800048828125,1404.300048828125,1399.300048828125,1399.800048828125,493358
2026-03-11 08:30:00,1399.800048828125,1401.0999755859375,1398.800048828125,1399.9000244140625,364746
2026-03-11 08:45:00,1399.9000244140625,1400.0,1392.0999755859375,1392.9000244140625,790410
2026-03-11 09:00:00,1392.9000244140625,1395.800048828125,1391.0,1391.699951171875,1291141
2026-03-11 09:15:00,1391.699951171875,1393.9000244140625,1390.800048828125,1392.300048828125,591548
2026-03-11 09:30:00,1392.300048828125,1394.0999755859375,1390.0,1392.0999755859375,1254026
2026-03-11 09:45:00,1392.300048828125,1394.0999755859375,1389.0999755859375,1389.9000244140625,1882820
2026-03-11 10:00:00,1389.9000244140625,1390.4000244140625,1383.800048828125,1387.0,1306348
2026-03-12 03:45:00,1388.5999755859375,1393.300048828125,1381.0999755859375,1392.199951171875,0
2026-03-12 04:00:00,1392.4000244140625,1397.0,1387.699951171875,1387.699951171875,1455090
2026-03-12 04:15:00,1388.0999755859375,1394.0,1387.5999755859375,1393.0999755859375,800177
2026-03-12 04:30:00,1392.5,1398.699951171875,1391.300048828125,1395.199951171875,894500
2026-03-12 04:45:00,1395.5,1396.0,1393.0,1395.199951171875,365355
2026-03-12 05:00:00,1395.199951171875,1403.199951171875,1394.0999755859375,1402.800048828125,567080
2026-03-12 05:15:00,1402.800048828125,1405.4000244140625,1400.4000244140625,1404.5999755859375,546551
2026-03-12 05:30:00,1404.4000244140625,1409.9000244140625,1401.5999755859375,1409.800048828125,432781
2026-03-12 05:45:00,1409.800048828125,1410.800048828125,1402.300048828125,1404.699951171875,636428
2026-03-12 06:00:00,1404.800048828125,1406.300048828125,1402.0999755859375,1405.800048828125,337140
2026-03-12 06:15:00,1405.699951171875,1407.5999755859375,1404.199951171875,1405.4000244140625,225255
2026-03-12 06:30:00,1405.4000244140625,1409.800048828125,1405.4000244140625,1409.699951171875,240573
2026-03-12 06:45:00,1409.5999755859375,1409.9000244140625,1407.0999755859375,1407.4000244140625,350067
2026-03-12 07:00:00,1407.5,1409.699951171875,1403.0999755859375,1405.300048828125,471008
2026-03-12 07:15:00,1404.699951171875,1407.699951171875,1404.300048828125,1407.0,179525
2026-03-12 07:30:00,1407.0,1407.199951171875,1401.5999755859375,1403.300048828125,439550
2026-03-12 07:45:00,1403.0999755859375,1408.5,1400.0,1405.5,518584
2026-03-12 08:00:00,1405.5,1409.800048828125,1404.5999755859375,1408.9000244140625,433788
2026-03-12 08:15:00,1409.0,1410.300048828125,1405.4000244140625,1405.800048828125,483184
2026-03-12 08:30:00,1405.800048828125,1406.9000244140625,1404.0,1406.9000244140625,538537
2026-03-12 08:45:00,1406.9000244140625,1408.699951171875,1402.800048828125,1405.5,599207
2026-03-12 09:00:00,1405.4000244140625,1405.5999755859375,1401.0,1402.5999755859375,654490
2026-03-12 09:15:00,1402.5,1402.699951171875,1398.0999755859375,1398.800048828125,1223646
2026-03-12 09:30:00,1398.9000244140625,1398.9000244140625,1392.0999755859375,1396.5999755859375,2481630
2026-03-12 09:45:00,1396.5999755859375,1396.699951171875,1388.9000244140625,1393.199951171875,3793056
2026-03-12 10:00:00,1393.199951171875,1393.199951171875,1388.5999755859375,1390.0,1421424
2026-03-13 03:45:00,1386.699951171875,1397.5,1384.199951171875,1394.300048828125,0
2026-03-13 04:00:00,1393.800048828125,1397.0999755859375,1391.0,1395.9000244140625,526728
2026-03-13 04:15:00,1396.0,1398.0,1390.0999755859375,1397.9000244140625,1027065
2026-03-13 04:30:00,1397.800048828125,1399.5,1392.0,1397.5,1331720
2026-03-13 04:45:00,1397.5,1397.800048828125,1394.300048828125,1396.0,338676
2026-03-13 05:00:00,1396.0,1400.5999755859375,1394.0,1394.0,674568
2026-03-13 05:15:00,1394.0,1397.800048828125,1393.4000244140625,1394.9000244140625,774545
2026-03-13 05:30:00,1394.9000244140625,1395.300048828125,1392.5,1393.199951171875,403979
2026-03-13 05:45:00,1393.0,1395.0,1389.699951171875,1390.800048828125,485401
2026-03-13 06:00:00,1390.699951171875,1394.699951171875,1387.0999755859375,1394.4000244140625,482819
2026-03-13 06:15:00,1394.300048828125,1397.800048828125,1392.0999755859375,1397.699951171875,521686
2026-03-13 06:30:00,1398.4000244140625,1400.0,1395.5999755859375,1396.5,201602
2026-03-13 06:45:00,1396.5999755859375,1396.5999755859375,1389.4000244140625,1390.5,298050
2026-03-13 07:00:00,1390.9000244140625,1391.0999755859375,1384.800048828125,1385.5999755859375,724231
2026-03-13 07:15:00,1385.300048828125,1385.5,1380.199951171875,1385.199951171875,515147
2026-03-13 07:30:00,1385.199951171875,1385.5,1381.199951171875,1384.5,345109
2026-03-13 07:45:00,1384.9000244140625,1385.0,1380.199951171875,1380.199951171875,373743
2026-03-13 08:00:00,1380.5,1384.199951171875,1378.5999755859375,1381.0999755859375,561624
2026-03-13 08:15:00,1381.0999755859375,1384.800048828125,1380.0,1384.0999755859375,846216
2026-03-13 08:30:00,1384.199951171875,1385.5,1380.199951171875,1382.9000244140625,698475
2026-03-13 08:45:00,1382.800048828125,1388.0,1382.300048828125,1387.699951171875,943150
2026-03-13 09:00:00,1387.9000244140625,1389.0,1385.4000244140625,1386.300048828125,708684
2026-03-13 09:15:00,1386.4000244140625,1388.199951171875,1380.0,1381.699951171875,1168001
2026-03-13 09:30:00,1381.699951171875,1382.800048828125,1378.699951171875,1378.800048828125,779409
2026-03-13 09:45:00,1378.800048828125,1383.5,1378.5999755859375,1379.9000244140625,1287872
2026-03-13 10:00:00,1379.9000244140625,1382.199951171875,1379.0,1382.0999755859375,572139
2026-03-16 03:45:00,1380.5999755859375,1382.4000244140625,1373.699951171875,1379.4000244140625,0
2026-03-16 04:00:00,1379.4000244140625,1387.0,1377.0,1386.5,565795
2026-03-16 04:15:00,1386.699951171875,1389.199951171875,1381.4000244140625,1383.0999755859375,874344
2026-03-16 04:30:00,1383.0,1383.5999755859375,1377.5,1378.9000244140625,737831
2026-03-16 04:45:00,1378.9000244140625,1379.5,1366.0999755859375,1366.5999755859375,758641
2026-03-16 05:00:00,1366.5999755859375,1369.4000244140625,1363.5,1367.9000244140625,473625
2026-03-16 05:15:00,1367.800048828125,1373.4000244140625,1367.5999755859375,1372.199951171875,456571
2026-03-16 05:30:00,1372.300048828125,1375.5,1369.800048828125,1374.9000244140625,384981
2026-03-16 05:45:00,1374.800048828125,1378.800048828125,1372.0,1378.800048828125,307322
2026-03-16 06:00:00,1378.300048828125,1380.5,1377.0,1377.5999755859375,375967
2026-03-16 06:15:00,1377.4000244140625,1379.0,1372.0999755859375,1374.0999755859375,516529
2026-03-16 06:30:00,1374.0999755859375,1376.9000244140625,1373.0,1375.9000244140625,323160
2026-03-16 06:45:00,1376.0,1378.5999755859375,1375.5,1378.5999755859375,408932
2026-03-16 07:00:00,1378.5999755859375,1379.9000244140625,1376.0999755859375,1376.9000244140625,422892
2026-03-16 07:15:00,1376.5999755859375,1381.699951171875,1374.0999755859375,1374.300048828125,835516
2026-03-16 07:30:00,1374.300048828125,1380.800048828125,1373.300048828125,1376.800048828125,521322
2026-03-16 07:45:00,1376.800048828125,1381.5999755859375,1374.699951171875,1380.5999755859375,683561
2026-03-16 08:00:00,1380.5999755859375,1382.699951171875,1376.5,1377.0,1059236
2026-03-16 08:15:00,1376.699951171875,1378.4000244140625,1375.0,1377.199951171875,1025421
2026-03-16 08:30:00,1377.0999755859375,1383.4000244140625,1377.0999755859375,1382.0,862468
2026-03-16 08:45:00,1381.800048828125,1387.199951171875,1381.5,1387.199951171875,996584
2026-03-16 09:00:00,1387.300048828125,1395.0,1387.0,1391.0999755859375,2498025
2026-03-16 09:15:00,1391.4000244140625,1395.0,1389.5,1393.4000244140625,2149508
2026-03-16 09:30:00,1393.5999755859375,1395.5999755859375,1390.5999755859375,1394.0999755859375,2026906
2026-03-16 09:45:00,1394.0999755859375,1397.300048828125,1393.0,1393.9000244140625,2119216
2026-03-16 10:00:00,1393.9000244140625,1396.699951171875,1392.5999755859375,1395.0,708496
2026-03-17 03:45:00,1398.9000244140625,1402.4000244140625,1395.0999755859375,1400.300048828125,0
2026-03-17 04:00:00,1399.5,1401.699951171875,1396.0,1400.0,460015
2026-03-17 04:15:00,1399.5,1401.800048828125,1396.199951171875,1400.5999755859375,441820
2026-03-17 04:30:00,1400.800048828125,1401.5,1398.0,1401.0999755859375,532503
2026-03-17 04:45:00,1401.199951171875,1403.199951171875,1399.800048828125,1400.0,311516
2026-03-17 05:00:00,1400.0999755859375,1402.0,1398.5,1398.9000244140625,528160
2026-03-17 05:15:00,1398.0999755859375,1401.0,1395.699951171875,1400.9000244140625,402878
2026-03-17 05:30:00,1401.5,1401.5999755859375,1398.4000244140625,1399.300048828125,345288
2026-03-17 05:45:00,1399.300048828125,1400.0,1397.0,1397.0,483539
2026-03-17 06:00:00,1397.0999755859375,1397.5999755859375,1391.0999755859375,1391.199951171875,605295
2026-03-17 06:15:00,1391.0999755859375,1392.199951171875,1388.699951171875,1389.9000244140625,377512
2026-03-17 06:30:00,1389.9000244140625,1393.9000244140625,1389.5999755859375,1393.5,289118
2026-03-17 06:45:00,1393.5,1395.0999755859375,1390.300048828125,1390.4000244140625,231524
2026-03-17 07:00:00,1391.0,1391.9000244140625,1388.199951171875,1391.300048828125,220983
2026-03-17 07:15:00,1391.300048828125,1398.9000244140625,1390.800048828125,1398.9000244140625,704075
2026-03-17 07:30:00,1398.9000244140625,1399.5,1396.699951171875,1399.199951171875,626350
2026-03-17 07:45:00,1399.0,1401.5,1394.5,1400.699951171875,857608
2026-03-17 08:00:00,1400.9000244140625,1402.5,1398.0999755859375,1400.0,436407
2026-03-17 08:15:00,1400.5,1400.800048828125,1397.0999755859375,1400.5,331991
2026-03-17 08:30:00,1400.5,1402.9000244140625,1398.300048828125,1401.300048828125,560422
2026-03-17 08:45:00,1401.0,1405.9000244140625,1398.4000244140625,1401.4000244140625,1334332
2026-03-17 09:00:00,1401.4000244140625,1402.9000244140625,1399.199951171875,1402.4000244140625,349816
2026-03-17 09:15:00,1402.4000244140625,1402.5999755859375,1398.5,1400.4000244140625,465430
2026-03-17 09:30:00,1400.4000244140625,1405.0999755859375,1396.199951171875,1397.4000244140625,2470840
2026-03-17 09:45:00,1397.4000244140625,1402.0,1392.300048828125,1395.4000244140625,4118676
2026-03-17 10:00:00,1395.300048828125,1399.699951171875,1393.5999755859375,1394.800048828125,896350
2026-03-18 03:45:00,1397.5999755859375,1408.199951171875,1397.5999755859375,1407.699951171875,0
2026-03-18 04:00:00,1407.699951171875,1409.9000244140625,1403.199951171875,1409.4000244140625,636456
2026-03-18 04:15:00,1409.5,1410.0,1406.199951171875,1410.0,322697
2026-03-18 04:30:00,1409.9000244140625,1412.0,1407.199951171875,1408.199951171875,542683
2026-03-18 04:45:00,1408.4000244140625,1408.5,1405.5,1408.0999755859375,191526
2026-03-18 05:00:00,1408.5,1409.5,1407.0999755859375,1408.800048828125,281343
2026-03-18 05:15:00,1409.0,1410.5999755859375,1407.4000244140625,1409.9000244140625,283077
2026-03-18 05:30:00,1410.0,1412.5999755859375,1408.199951171875,1411.5999755859375,290098
2026-03-18 05:45:00,1412.0999755859375,1412.9000244140625,1409.9000244140625,1410.5999755859375,233502
2026-03-18 06:00:00,1410.699951171875,1410.800048828125,1408.5999755859375,1409.800048828125,179816
2026-03-18 06:15:00,1410.0,1410.699951171875,1408.5,1408.5,146927
2026-03-18 06:30:00,1408.800048828125,1409.9000244140625,1407.300048828125,1407.800048828125,141901
2026-03-18 06:45:00,1408.300048828125,1408.9000244140625,1407.5,1408.0999755859375,182366
2026-03-18 07:00:00,1408.5,1408.5,1405.300048828125,1406.5,355217
2026-03-18 07:15:00,1406.699951171875,1408.5999755859375,1406.0,1408.5999755859375,151728
2026-03-18 07:30:00,1408.4000244140625,1412.300048828125,1407.699951171875,1411.5,334719
2026-03-18 07:45:00,1411.5,1411.699951171875,1409.300048828125,1409.300048828125,262992
2026-03-18 08:00:00,1409.0999755859375,1410.699951171875,1408.5,1409.4000244140625,403771
2026-03-18 08:15:00,1409.5,1409.9000244140625,1408.0999755859375,1408.0999755859375,204483
2026-03-18 08:30:00,1408.0999755859375,1411.0,1407.199951171875,1409.9000244140625,453010
2026-03-18 08:45:00,1409.9000244140625,1411.5,1409.0999755859375,1411.4000244140625,278432
2026-03-18 09:00:00,1411.4000244140625,1411.9000244140625,1409.0999755859375,1409.199951171875,331293
2026-03-18 09:15:00,1409.4000244140625,1410.800048828125,1408.0,1409.9000244140625,447879
2026-03-18 09:30:00,1409.9000244140625,1410.699951171875,1408.300048828125,1410.5,624514
2026-03-18 09:45:00,1410.4000244140625,1410.5,1407.0999755859375,1407.300048828125,1100958
2026-03-18 10:00:00,1407.199951171875,1408.0,1405.0999755859375,1407.199951171875,692134
2026-03-19 03:45:00,1392.0,1405.0,1392.0,1401.800048828125,0
2026-03-19 04:00:00,1402.4000244140625,1404.9000244140625,1398.199951171875,1401.4000244140625,531387
2026-03-19 04:15:00,1401.0999755859375,1404.5,1400.300048828125,1401.4000244140625,606656
2026-03-19 04:30:00,1401.9000244140625,1406.699951171875,1401.4000244140625,1406.699951171875,456912
2026-03-19 04:45:00,1406.9000244140625,1408.0,1404.0999755859375,1406.5,458736
2026-03-19 05:00:00,1406.4000244140625,1413.5,1406.4000244140625,1410.9000244140625,589533
2026-03-19 05:15:00,1411.0999755859375,1415.5999755859375,1410.5999755859375,1411.699951171875,543901
2026-03-19 05:30:00,1411.699951171875,1412.800048828125,1406.5999755859375,1409.4000244140625,356852
2026-03-19 05:45:00,1409.5,1410.0999755859375,1404.4000244140625,1405.0999755859375,319571
2026-03-19 06:00:00,1404.800048828125,1408.4000244140625,1404.800048828125,1407.199951171875,245055
2026-03-19 06:15:00,1407.0999755859375,1408.0,1401.0999755859375,1402.199951171875,462856
2026-03-19 06:30:00,1402.199951171875,1402.5,1399.4000244140625,1400.9000244140625,317973
2026-03-19 06:45:00,1400.9000244140625,1401.5,1397.5,1399.9000244140625,329413
2026-03-19 07:00:00,1399.800048828125,1400.300048828125,1397.800048828125,1398.5999755859375,228374
2026-03-19 07:15:00,1398.5999755859375,1400.5999755859375,1397.0999755859375,1400.199951171875,194840
2026-03-19 07:30:00,1400.199951171875,1401.5999755859375,1398.800048828125,1399.9000244140625,370331
2026-03-19 07:45:00,1399.800048828125,1400.0,1395.5999755859375,1396.9000244140625,321805
2026-03-19 08:00:00,1396.5999755859375,1397.0,1394.0999755859375,1395.5,366721
2026-03-19 08:15:00,1395.5,1397.4000244140625,1394.199951171875,1395.199951171875,325412
2026-03-19 08:30:00,1395.300048828125,1397.5,1389.300048828125,1390.800048828125,644154
2026-03-19 08:45:00,1390.5,1392.0,1389.0,1391.0999755859375,393206
2026-03-19 09:00:00,1391.0999755859375,1392.9000244140625,1390.0,1392.5,264053
2026-03-19 09:15:00,1392.300048828125,1393.800048828125,1389.5,1390.5,507245
2026-03-19 09:30:00,1390.5,1390.5999755859375,1376.800048828125,1382.699951171875,2361149
2026-03-19 09:45:00,1382.699951171875,1390.0999755859375,1380.4000244140625,1389.9000244140625,3348323
2026-03-19 10:00:00,1389.800048828125,1394.0,1384.800048828125,1384.800048828125,695494
2026-03-20 03:45:00,1398.0,1411.5,1398.0,1408.4000244140625,0
2026-03-20 04:00:00,1408.4000244140625,1413.800048828125,1405.0,1413.0,749861
2026-03-20 04:15:00,1413.0,1413.300048828125,1409.199951171875,1411.4000244140625,827323
2026-03-20 04:30:00,1411.4000244140625,1416.699951171875,1411.4000244140625,1416.0,977067
2026-03-20 04:45:00,1416.0999755859375,1423.0999755859375,1416.0,1420.699951171875,773148
2026-03-20 05:00:00,1420.699951171875,1428.199951171875,1420.0,1426.800048828125,955050
2026-03-20 05:15:00,1426.800048828125,1429.9000244140625,1426.0,1428.5,1059728
2026-03-20 05:30:00,1428.5999755859375,1430.0,1425.699951171875,1426.5,900881
2026-03-20 05:45:00,1426.4000244140625,1429.5,1425.800048828125,1428.0999755859375,454576
2026-03-20 06:00:00,1428.4000244140625,1429.5,1426.300048828125,1427.0,380053
2026-03-20 06:15:00,1427.0,1428.199951171875,1426.300048828125,1427.699951171875,429655
2026-03-20 06:30:00,1427.699951171875,1428.199951171875,1423.300048828125,1423.699951171875,357680
2026-03-20 06:45:00,1423.5,1425.800048828125,1422.9000244140625,1423.5,373434
2026-03-20 07:00:00,1423.9000244140625,1424.5,1419.199951171875,1421.199951171875,661610
2026-03-20 07:15:00,1421.5,1424.4000244140625,1420.5999755859375,1423.4000244140625,324336
2026-03-20 07:30:00,1423.5,1426.199951171875,1422.699951171875,1426.0,425822
2026-03-20 07:45:00,1426.199951171875,1426.800048828125,1423.0999755859375,1425.0,389640
2026-03-20 08:00:00,1425.5,1427.5,1424.4000244140625,1426.9000244140625,367350
2026-03-20 08:15:00,1426.5999755859375,1428.699951171875,1425.5,1425.5999755859375,380163
2026-03-20 08:30:00,1425.5999755859375,1426.699951171875,1423.300048828125,1426.5999755859375,421341
2026-03-20 08:45:00,1426.5,1427.0999755859375,1423.300048828125,1424.9000244140625,570073
2026-03-20 09:00:00,1424.800048828125,1425.300048828125,1422.199951171875,1424.199951171875,588475
2026-03-20 09:15:00,1424.4000244140625,1424.4000244140625,1417.300048828125,1419.699951171875,1023904
2026-03-20 09:30:00,1419.699951171875,1419.800048828125,1410.699951171875,1416.800048828125,2436322
2026-03-20 09:45:00,1416.800048828125,1418.199951171875,1412.300048828125,1413.0999755859375,4108080
2026-03-20 10:00:00,1413.0,1418.0,1410.5999755859375,1414.0,2388109
2026-03-23 03:45:00,1400.4000244140625,1405.0,1395.5,1402.0,0
2026-03-23 04:00:00,1402.0,1409.5,1401.5,1406.699951171875,965729
2026-03-23 04:15:00,1406.5999755859375,1408.0,1404.800048828125,1406.300048828125,473300
2026-03-23 04:30:00,1406.4000244140625,1406.5,1401.5999755859375,1403.4000244140625,762605
2026-03-23 04:45:00,1403.300048828125,1405.4000244140625,1396.300048828125,1397.0,1120324
2026-03-23 05:00:00,1396.5,1396.5999755859375,1391.300048828125,1393.300048828125,526462
2026-03-23 05:15:00,1393.300048828125,1397.0999755859375,1391.0,1394.4000244140625,337109
2026-03-23 05:30:00,1394.199951171875,1398.0,1392.5999755859375,1397.699951171875,324763
2026-03-23 05:45:00,1397.699951171875,1400.0,1393.199951171875,1393.199951171875,298007
2026-03-23 06:00:00,1393.199951171875,1399.0,1393.0,1395.699951171875,274871
2026-03-23 06:15:00,1395.199951171875,1397.4000244140625,1393.800048828125,1397.0,286687
2026-03-23 06:30:00,1397.0,1401.0,1396.300048828125,1400.300048828125,352812
2026-03-23 06:45:00,1400.300048828125,1401.4000244140625,1397.0,1399.5999755859375,540073
2026-03-23 07:00:00,1399.5,1399.5999755859375,1396.300048828125,1399.4000244140625,545504
2026-03-23 07:15:00,1399.5,1401.4000244140625,1398.4000244140625,1400.0999755859375,529679
2026-03-23 07:30:00,1400.0999755859375,1400.5,1398.4000244140625,1399.0,520302
2026-03-23 07:45:00,1399.0,1401.9000244140625,1398.0999755859375,1400.9000244140625,511053
2026-03-23 08:00:00,1400.5999755859375,1401.5,1399.0,1400.9000244140625,465531
2026-03-23 08:15:00,1400.699951171875,1405.800048828125,1399.699951171875,1405.699951171875,576985
2026-03-23 08:30:00,1405.699951171875,1411.9000244140625,1405.5,1409.300048828125,1003666
2026-03-23 08:45:00,1409.199951171875,1412.0,1407.5,1410.699951171875,958958
2026-03-23 09:00:00,1410.800048828125,1411.5,1403.5999755859375,1405.5,1079084
2026-03-23 09:15:00,1405.0999755859375,1413.0999755859375,1404.5999755859375,1413.0999755859375,1797235
2026-03-23 09:30:00,1412.800048828125,1415.5,1405.0,1405.0,2022834
2026-03-23 09:45:00,1405.300048828125,1409.800048828125,1405.300048828125,1406.199951171875,1243045
2026-03-23 10:00:00,1406.300048828125,1407.800048828125,1402.699951171875,1407.800048828125,650035
2026-03-24 03:45:00,1418.9000244140625,1422.0,1412.0,1413.0999755859375,0
2026-03-24 04:00:00,1413.4000244140625,1417.5,1410.699951171875,1412.800048828125,536683
2026-03-24 04:15:00,1412.800048828125,1413.0999755859375,1408.5,1408.9000244140625,535713
2026-03-24 04:30:00,1409.0999755859375,1415.4000244140625,1408.800048828125,1413.199951171875,461634
2026-03-24 04:45:00,1412.800048828125,1415.9000244140625,1412.5999755859375,1414.699951171875,381581
2026-03-24 05:00:00,1414.199951171875,1415.800048828125,1410.0999755859375,1410.5,346670
2026-03-24 05:15:00,1410.800048828125,1415.9000244140625,1406.699951171875,1413.5,490658
2026-03-24 05:30:00,1413.5,1415.0,1410.5,1413.5,445450
2026-03-24 05:45:00,1413.5,1415.0,1412.0999755859375,1414.300048828125,316262
2026-03-24 06:00:00,1414.300048828125,1414.9000244140625,1411.5999755859375,1413.699951171875,221268
2026-03-24 06:15:00,1414.0,1414.0,1410.4000244140625,1411.300048828125,216209
2026-03-24 06:30:00,1411.4000244140625,1414.199951171875,1410.4000244140625,1413.199951171875,263286
2026-03-24 06:45:00,1413.300048828125,1413.300048828125,1409.300048828125,1409.9000244140625,317708
2026-03-24 07:00:00,1409.9000244140625,1420.0999755859375,1409.199951171875,1416.800048828125,1311959
2026-03-24 07:15:00,1416.9000244140625,1419.9000244140625,1414.800048828125,1417.800048828125,730953
2026-03-24 07:30:00,1417.800048828125,1418.5,1413.699951171875,1415.300048828125,804226
2026-03-24 07:45:00,1415.300048828125,1416.699951171875,1412.5999755859375,1414.800048828125,325121
2026-03-24 08:00:00,1414.800048828125,1416.5,1414.0,1415.0999755859375,370573
2026-03-24 08:15:00,1415.300048828125,1416.4000244140625,1412.0,1412.199951171875,304401
2026-03-24 08:30:00,1412.0,1414.0999755859375,1411.4000244140625,1412.199951171875,271392
2026-03-24 08:45:00,1412.5,1416.0,1411.4000244140625,1413.300048828125,317881
2026-03-24 09:00:00,1413.5,1414.5,1409.300048828125,1411.5,318752
2026-03-24 09:15:00,1411.5999755859375,1413.0,1407.0,1410.300048828125,572853
2026-03-24 09:30:00,1410.5,1413.0999755859375,1408.5,1410.800048828125,2244661
2026-03-24 09:45:00,1410.5,1414.5,1408.0999755859375,1412.5999755859375,4022762
2026-03-24 10:00:00,1413.0,1414.5999755859375,1410.199951171875,1414.0,1314259
2026-03-25 03:45:00,1419.4000244140625,1420.800048828125,1416.0,1416.5999755859375,0
2026-03-25 04:00:00,1416.4000244140625,1418.800048828125,1414.0999755859375,1416.4000244140625,580502
2026-03-25 04:15:00,1416.4000244140625,1421.4000244140625,1415.9000244140625,1419.0,454995
2026-03-25 04:30:00,1419.199951171875,1419.5999755859375,1417.0,1417.800048828125,651643
2026-03-25 04:45:00,1417.9000244140625,1420.800048828125,1416.0,1420.0,663169
2026-03-25 05:00:00,1420.199951171875,1421.199951171875,1419.0,1419.800048828125,402089
2026-03-25 05:15:00,1419.800048828125,1426.9000244140625,1419.800048828125,1425.199951171875,696201
2026-03-25 05:30:00,1425.300048828125,1427.5999755859375,1424.0999755859375,1427.5999755859375,787592
2026-03-25 05:45:00,1427.5,1429.5,1426.5,1428.800048828125,872154
2026-03-25 06:00:00,1428.9000244140625,1430.4000244140625,1425.0,1426.800048828125,523231
2026-03-25 06:15:00,1426.800048828125,1427.0999755859375,1423.300048828125,1424.5999755859375,460438
2026-03-25 06:30:00,1424.800048828125,1426.800048828125,1422.5999755859375,1424.0,472914
2026-03-25 06:45:00,1423.800048828125,1427.9000244140625,1423.4000244140625,1427.5,395986
2026-03-25 07:00:00,1427.5,1427.800048828125,1424.0,1424.199951171875,396388
2026-03-25 07:15:00,1424.199951171875,1426.699951171875,1423.800048828125,1425.800048828125,347566
2026-03-25 07:30:00,1425.800048828125,1426.0,1422.0,1424.300048828125,395065
2026-03-25 07:45:00,1424.300048828125,1424.800048828125,1422.199951171875,1422.5,282879
2026-03-25 08:00:00,1422.0999755859375,1424.300048828125,1422.0,1423.5,369087
2026-03-25 08:15:00,1423.0999755859375,1424.199951171875,1422.300048828125,1424.0999755859375,332091
2026-03-25 08:30:00,1424.0999755859375,1425.0,1422.0999755859375,1423.0999755859375,436216
2026-03-25 08:45:00,1423.300048828125,1423.9000244140625,1419.4000244140625,1420.699951171875,346061
2026-03-25 09:00:00,1420.199951171875,1421.0999755859375,1416.9000244140625,1418.699951171875,375379
2026-03-25 09:15:00,1418.800048828125,1419.0999755859375,1416.0999755859375,1417.0,338605
2026-03-25 09:30:00,1416.9000244140625,1417.800048828125,1408.699951171875,1414.300048828125,3001410
2026-03-25 09:45:00,1414.199951171875,1416.199951171875,1410.0999755859375,1410.699951171875,4062777
2026-03-25 10:00:00,1410.0999755859375,1413.9000244140625,1410.0,1413.800048828125,859329
2026-03-27 03:45:00,1401.0,1401.0,1390.199951171875,1393.0999755859375,0
2026-03-27 04:00:00,1393.4000244140625,1395.5,1379.0,1379.300048828125,1290721
2026-03-27 04:15:00,1379.0,1381.800048828125,1376.0,1380.199951171875,859021
2026-03-27 04:30:00,1380.5,1380.5,1374.199951171875,1378.699951171875,622505
2026-03-27 04:45:00,1378.699951171875,1378.699951171875,1374.800048828125,1375.0999755859375,327514
2026-03-27 05:00:00,1375.300048828125,1378.5,1373.4000244140625,1376.0,450922
2026-03-27 05:15:00,1376.0,1376.0999755859375,1372.699951171875,1373.4000244140625,440284
2026-03-27 05:30:00,1373.4000244140625,1373.5999755859375,1370.300048828125,1371.800048828125,495404
2026-03-27 05:45:00,1371.800048828125,1372.0,1366.199951171875,1366.9000244140625,661704
2026-03-27 06:00:00,1367.4000244140625,1367.4000244140625,1363.0,1366.4000244140625,801012
2026-03-27 06:15:00,1366.0999755859375,1366.4000244140625,1362.300048828125,1364.0,543011
2026-03-27 06:30:00,1364.0,1364.699951171875,1354.0999755859375,1358.5,835479
2026-03-27 06:45:00,1358.199951171875,1358.4000244140625,1355.199951171875,1355.699951171875,534098
2026-03-27 07:00:00,1355.699951171875,1358.9000244140625,1353.300048828125,1355.699951171875,823825
2026-03-27 07:15:00,1355.4000244140625,1359.300048828125,1354.300048828125,1355.5,783857
2026-03-27 07:30:00,1355.9000244140625,1356.199951171875,1351.199951171875,1351.5,577182
2026-03-27 07:45:00,1351.699951171875,1357.0999755859375,1350.0999755859375,1355.800048828125,590102
2026-03-27 08:00:00,1355.5999755859375,1357.800048828125,1352.199951171875,1353.0,581613
2026-03-27 08:15:00,1353.199951171875,1356.199951171875,1351.0,1354.0999755859375,756387
2026-03-27 08:30:00,1354.0,1355.699951171875,1351.199951171875,1353.0999755859375,642034
2026-03-27 08:45:00,1353.199951171875,1354.5,1351.5999755859375,1353.0,820430
2026-03-27 09:00:00,1352.800048828125,1353.5,1346.9000244140625,1347.9000244140625,1377556
2026-03-27 09:15:00,1347.9000244140625,1349.9000244140625,1345.0,1348.5,1011330
2026-03-27 09:30:00,1348.4000244140625,1351.699951171875,1348.0,1350.699951171875,1755442
2026-03-27 09:45:00,1350.800048828125,1350.9000244140625,1345.0999755859375,1348.0999755859375,2964312
2026-03-27 10:00:00,1348.0,1348.0,1345.9000244140625,1348.0,1741047
