date,open,high,low,close,volume,daily_return,ema_20,ema_50,rsi_14,macd,macd_signal,macd_hist,vwap,target
2025-04-07,12007.879084294698,12881.633279617598,12007.879084294698,12749.771484375,17376,-0.028040593432947514,12552.101220519267,12310.292843893154,64.67396746580664,253.56698107748343,174.05300761427338,79.51397346321005,12644.17698938033,0
2025-04-08,12981.490699532385,13079.501344382687,12631.9392930767,12706.482421875,7467,-0.0033952814411655208,12566.804192076956,12325.829690088522,63.45978573171062,233.36723167382115,185.91585242618294,47.451379247638215,12647.14597816186,0
2025-04-09,12681.917571694748,12813.679894570507,11992.301247195666,12057.0087890625,13418,-0.05111356638674369,12518.252248932722,12315.287693969854,49.73441358060547,163.0718991055819,181.34706176206274,-18.27516265648083,12635.670597782999,1
2025-04-11,12277.49493390365,12647.417698947394,12246.588804082377,12431.4755859375,13656,0.03105801807283215,12509.987804837938,12319.844081890154,59.3469874836955,136.01083431871848,172.27981627339392,-36.26898195467544,12629.571151213817,1
2025-04-15,12431.275161424213,13270.07917263767,12399.320722901795,13185.2001953125,11435,0.060630341439725344,12574.293746787895,12353.779615749854,66.30674198154523,173.38534403050653,172.50092182481646,0.8844222056900719,12637.83652661334,1
2025-04-16,13228.139032221348,13574.64497652427,13127.282835176406,13468.7958984375,11459,0.021508638391840362,12659.484427897381,12397.505744482703,68.16258404424501,223.31448500520673,182.66363446089454,40.65085054431219,12656.707246730806,0
2025-04-17,13480.779170739042,13649.538554431998,13132.276064769567,13282.0625,9396,-0.013864149389862135,12718.77757762144,12432.194244699069,65.9225193789932,244.99175187635046,195.12925794398572,49.86249393236474,12670.770868572983,0
2025-04-21,13465.800293530208,13517.726256842301,12958.523575019763,13026.4267578125,8088,-0.01924669020248171,12748.077499544397,12455.49748050744,54.86365574495784,238.7908419071482,203.86157473661822,34.92926717052998,12679.241059268776,0
2025-04-22,13026.427069111549,13450.821971708132,12886.626395315028,12959.5224609375,20460,-0.005136043684034419,12768.215114915169,12475.2631660145,54.376123069618515,225.8742210477194,208.2641039988385,17.61011704888091,12696.596583919672,0
2025-04-23,12882.6319180811,12961.519440097101,12620.006370103787,12880.634765625,13311,-0.006087237824563552,12778.921748316105,12491.16009148942,48.62230794946311,206.88726067938842,207.9887353349485,-1.1014746555600823,12699.848049248103,1
2025-04-24,12880.634252724527,13242.118832884717,12880.634252724527,13071.3623046875,6911,0.01480730899780669,12806.773229875285,12513.913119457973,49.84850857941358,204.8684799094226,207.36468424984335,-2.4962043404207463,12704.743705404078,0
2025-04-25,13146.256157044198,13168.224834253082,12466.225739805526,12593.044921875,10359,-0.03659277217348422,12786.418152922877,12517.016327395897,41.71778719994387,162.79575811418545,198.45089902271178,-35.655140908526334,12705.488075838724,0
2025-04-28,12582.060144952726,12771.789623328996,12505.169777400237,12568.080078125,4809,-0.0019824310883410634,12765.624050561175,12519.018827424488,42.65248430463435,125.98607962088863,183.95793514234717,-57.97185552145854,12704.667487722605,0
2025-04-29,12695.89850925642,12700.891390532674,12384.342717618227,12421.2900390625,6359,-0.01167959132580565,12732.83033518035,12515.186325920096,41.07604866922589,84.00110241892253,163.96656859766225,-79.96546617873972,12702.267753969358,1
2025-04-30,12492.188267093079,12681.91774517043,12322.430313023868,12509.1640625,20778,0.007074468365294795,12711.52878540127,12514.950158727152,46.67796385295896,57.15950559850535,142.60515599783088,-85.44565039932553,12694.895244609956,0
2025-05-02,12442.260102603866,12582.060777914023,12084.769804310754,12113.728515625,7042,-0.03161166844557084,12654.595426374959,12499.215976644715,42.54122002626757,3.933658132667915,114.87085642479829,-110.93719829213038,12689.471406020859,1
2025-05-05,12222.572627410185,12269.505708577528,12064.797588592308,12118.720703125,5341,0.00041210990435858186,12603.559738446393,12484.294593369434,50.92686979293019,-37.414095245210774,84.41386609079649,-121.82796133600726,12684.423624654852,0
2025-05-06,12232.558414853853,12286.481529498922,11986.908670359644,12046.8232421875,6161,-0.00593275995864484,12550.537214993165,12467.138854107397,43.64522012083446,-75.11809725144121,52.507473422348944,-127.62557067379015,12678.243552178497,1
2025-05-07,11983.913251776283,12463.229838798416,11982.91467555332,12407.3095703125,6226,0.029923766695819864,12536.896486928339,12464.792607684069,35.2294135971874,-75.0454789471878,26.996882948441602,-102.0423618956294,12674.032213032895,1
2025-05-08,12283.485923878221,12741.83240294985,12283.485923878221,12614.0146484375,9645,0.016659943636740726,12544.241073738734,12470.644452419498,33.28122660163257,-57.644071149585216,10.068692128836238,-67.71276327842145,12671.95272799431,0
2025-05-09,12392.331044798062,12629.992188122957,12193.61437453901,12523.14453125,5876,-0.007203901352592412,12542.231879215997,12472.703279040301,34.57789914031926,-50.60247528722175,-2.0655413543753607,-48.53693393284639,12669.759876402657,1
2025-05-12,12701.889316288756,12989.479263072652,12701.889316288756,12947.5390625,4198,0.03388881524053122,12580.832563338283,12491.324290156368,48.4998044458575,-10.65405466529046,-3.7832440165583807,-6.870810648732078,12671.22379996094,1
2025-05-13,13075.357120662298,13224.144978534507,12859.664655558965,13118.2958984375,5958,0.013188362291338018,12632.019547633447,12515.911412049745,52.90464052161472,34.38760714651107,3.85092621605551,30.536680930455564,12675.106996552351,1
2025-05-14,13191.191516862682,13345.97082686372,13093.331049894285,13224.14453125,6761,0.008068779179245977,12688.412403215974,12543.68525986152,56.22286648772849,77.72854244112386,18.626449461069182,59.10209298005468,12681.11413434393,1
2025-05-15,13300.036843718124,13540.693715805824,13265.086675572607,13460.8076171875,9503,0.017896287005805256,12761.973852165644,12579.650842501756,56.939519861902866,129.678426892704,40.83684494739615,88.84158194530787,12692.398927710803,0
2025-05-16,13461.805590124139,13665.51513247154,12922.574448616311,13202.17578125,23325,-0.0192136938059545,12803.897845411773,12604.063585197768,61.776057985592715,148.2704870361922,62.32357336515537,85.94691367103684,12712.972315215065,1
2025-05-19,13281.063823130758,13830.280748147445,13162.233252081694,13652.5341796875,9563,0.03411243766933536,12884.720353438031,12645.180079099326,68.00399483136268,197.07324984976185,89.27350866207667,107.79974118768519,12725.132470046547,0
2025-05-20,13652.533972600477,13652.533972600477,13181.206000462718,13218.1533203125,10756,-0.03181686664599459,12916.475874092743,12667.64961797043,62.07626629505949,198.41171911424317,111.10115075250997,87.3105683617332,12735.20843556476,0
2025-05-21,13291.049640904208,13409.880212449483,13166.227611970096,13188.1962890625,6558,-0.002266355255840846,12942.354008851766,12688.063212915218,60.47443774364141,194.809540471153,127.84282869623858,66.96671177491443,12740.261695779687,0
2025-05-22,13260.09415827615,13272.077073397719,12881.633755686596,13060.37890625,4405,-0.009691801669535649,12953.594475270645,12702.663828340112,65.91672605110455,179.57101053530096,138.18846506405106,41.3825454712499,12742.410733281777,0
2025-05-23,13191.191682692774,13258.096288502042,12808.736995753234,12875.6416015625,6811,-0.014144865628599401,12946.170392060347,12709.447270427265,62.00126409448317,150.84871906592707,140.72051586442626,10.12820320150081,12744.779614008188,1
2025-05-26,12951.533243417158,13181.205768165495,12922.574533774976,13069.365234375,5848,0.015045745975795999,12957.90323418555,12723.561700386,65.60975020714449,142.08016262264573,140.99244521607017,1.087717406575564,12747.426730869942,0
2025-05-27,13146.25570110866,13231.134678290144,12917.58175081972,13019.4365234375,10648,-0.003820285839604365,12963.763547447641,12735.164634623314,60.323334413727856,129.6081467290751,138.71558551867116,-9.107438789596074,12752.10807837825,0
2025-05-28,13091.334349898863,13179.209057968359,12733.844060252502,12773.787109375,9404,-0.018867899053870985,12945.670553345484,12736.679241476322,52.659578445591684,98.76364373364049,130.72519716166505,-31.96155342802456,12754.005108031597,0
2025-05-29,12875.641921852848,12958.523749021591,12622.003559191871,12677.923828125,15874,-0.007504687562832735,12920.17086522925,12734.37510761941,52.57218623008711,65.82499765478315,117.74515726028868,-51.92015960550553,12753.979176104061,1
2025-05-30,12751.818222328975,13404.887064725463,12622.00331481897,13348.966796875,27094,0.05293003632513882,12961.008573005034,12758.476742492177,56.165643914122384,92.79871692171946,112.75586919257483,-19.957152270855374,12767.315292803081,1
2025-06-02,13392.904688371282,13779.353697795656,13238.125369351184,13430.8505859375,12569,0.0061340918970349545,13005.755431379555,12784.844344195915,54.935355076759095,119.40647767519658,114.0859908890992,5.320486786097391,12779.040862519325,1
2025-06-03,13430.849965885165,13810.308924029134,13368.93824113536,13457.8115234375,20143,0.0020073886852876033,13048.808392527932,12811.235213970096,53.78395996332353,141.0429863547015,119.47738998221966,21.565596372481835,12798.661197265214,1
2025-06-04,13580.63630535807,13668.511010863327,13252.104735912275,13483.7744140625,23278,0.0019292059916120596,13090.233727912175,12837.60930024823,50.399158979260974,158.45845324627953,127.27360263503164,31.184850611247896,12817.892360296877,0
2025-06-05,13554.6738863244,13613.589884504241,13214.159388369737,13304.03125,15122,-0.013330330109575406,13110.595396682444,12855.900357101242,51.820141409107066,155.958769452689,133.01063599856312,22.948133454125895,12828.139589848142,1
2025-06-06,13780.352191176205,14179.782689471169,13511.735181072843,13836.2724609375,99334,0.04000601027883932,13179.707498040068,12894.346321957566,53.19001970152695,194.68100815696744,145.344710430244,49.336297726723444,12937.103552128163,1
2025-06-09,13937.128725014836,14229.711566343873,13730.423441208999,13882.20703125,38073,0.003319865985740078,13246.612215488634,12933.085957616093,63.3266712160866,226.46465368345707,161.56869908088663,64.89595460257044,12977.053513726783,0
2025-06-10,13882.206712040408,13952.107047951991,13481.777644889768,13545.6865234375,28389,-0.024241138822880592,13275.095482912335,12957.109509216933,56.38829497250069,221.94063569571335,173.64308640385198,48.29754929186137,12996.608455920246,0
2025-06-11,13620.579565150898,13620.579565150898,13330.992462959273,13466.798828125,19028,-0.0058238240768383465,13293.35294436116,12977.097325644701,57.391925850195626,209.57390362117803,180.82924984731721,28.74465377386082,13005.5769401323,0
2025-06-12,13450.82205014524,13531.70672617061,13236.128156991474,13278.068359375,9020,-0.01401450123067427,13291.897269600575,12988.900111281184,57.30868237803846,182.44113991752238,181.15162786135826,1.2895120561641136,13008.612692106084,1
2025-06-13,13132.276189491478,13495.757942436114,13048.395784965793,13373.931640625,8490,0.007219670712292681,13299.710066840995,13003.999386941725,55.73525398519569,166.75138862642598,178.2715800143718,-11.520191387945829,13011.069449181412,0
2025-06-16,13285.058219394934,13448.82472179878,12904.600674176243,13306.0283203125,20417,-0.0050772893220296655,13300.311805266852,13015.843658838618,55.36048812279348,147.1417586312491,172.04561573774726,-24.90385710649815,13015.135409854907,0
2025-06-17,13378.924349273822,13378.924349273822,13077.35432736901,13188.1962890625,8990,-0.008855537386022405,13289.634137056913,13022.602585514065,58.140450319763325,120.70155305233493,161.7768032006648,-41.07525014832987,13016.83347458254,1
2025-06-18,13261.091944048334,13353.959530704697,13111.305513957426,13305.029296875,8016,0.00885890725704419,13291.100342753874,13033.678142822337,62.217896049060634,107.93078801626507,151.00760016378487,-43.0768121475198,13018.63899862519,0
2025-06-19,13232.133606641572,13360.949940145214,13046.398428101436,13177.2119140625,14470,-0.009606696833243444,13280.253825735648,13039.30691816509,45.7551857946419,86.4989639258547,138.10587291619885,-51.60690899034415,13021.00061258552,1
2025-06-20,13181.205726406344,13328.995002732718,12982.489064318854,13189.1943359375,46664,0.0009093290715171953,13271.58149337392,13045.184856116948,43.8138783754731,69.67776829033573,124.42025199102623,-54.7424837006905,13027.044789513127,0
2025-06-23,13224.144765529192,13224.144765529192,12907.596106564248,13028.423828125,24921,-0.012189562434032686,13248.423620493071,13044.527560901577,39.71291149594008,42.879722445097286,108.11214608184045,-65.23242363674316,13027.615028694958,1
2025-06-24,13230.136307171082,13231.134883388695,12991.476591161278,13133.2744140625,8958,0.00804783351545213,13237.457029404446,13048.007829652986,41.90871331877296,29.759593980792488,92.44163566163085,-62.68204168083837,13028.317729206705,1
2025-06-25,13121.291933964261,13318.011455348656,13085.343188939702,13265.0869140625,10187,0.010036529797843974,13240.088446990927,13056.520734923948,49.080625282700986,29.656107645729207,79.88453005845054,-50.22842241272133,13030.010560452516,1
2025-06-26,13266.084836235852,13424.858452266075,13146.2556920621,13387.9111328125,5001,0.009259209498265086,13254.166798021553,13069.51643680193,36.87898955627904,39.035010643663554,71.71462617549314,-32.67961553182958,13031.242975189105,1
2025-06-27,13424.859109046247,13554.674021585373,13292.048467756218,13478.7822265625,12158,0.006787548322402914,13275.558743596881,13085.56607561607,38.49657743473846,53.18728673157602,68.00915828670972,-14.821871555133697,13035.446447689834,0
2025-06-30,13487.768881447995,13564.65924969198,13189.194594370707,13372.9326171875,5503,-0.007853054348367139,13284.832445843607,13096.835351756128,44.32785934886775,55.2252859188975,65.45238381314728,-10.22709789424978,13037.015352693226,0
2025-07-01,13450.821570459773,13451.820146671389,13181.205993323609,13348.966796875,11889,-0.0017921140409918879,13290.940479275168,13106.72285940785,45.986391118302,54.28085761145485,63.2180785728088,-8.937220961353951,13039.879776947855,0
2025-07-02,13475.786421431587,13509.738013749384,13088.338838510841,13160.236328125,28738,-0.014138207969337513,13278.492464879913,13108.821426808523,45.986391118302,37.866913622870925,58.14784558282123,-20.28093195995031,13044.838843389545,1
2025-07-03,13181.206001995279,13453.817307945636,13181.206001995279,13325.0009765625,8619,0.012519885230736882,13282.92184694492,13117.299056210639,48.4080419853707,37.71907289608498,54.06209104547399,-16.34301814938901,13046.747899805134,0
2025-07-04,13440.835927197155,13440.835927197155,13218.153430037795,13251.1064453125,5002,-0.005545555409712466,13279.891808694214,13122.54640480287,48.22005714553375,31.278675840672804,49.50540800451376,-18.226732163840957,13047.776973849628,0
2025-07-07,13325.999753722192,13487.769102549693,12887.624789924212,13118.2958984375,13301,-0.010022600559667305,13264.501722003099,13122.379718278737,47.756406237853916,15.28175502556769,42.66067740872455,-27.378922383156862,13049.009188732007,1
2025-07-08,13118.295381459893,13243.117404957075,13001.46196746653,13202.17578125,6409,0.0063941142555330455,13258.56591812185,13125.50897565016,46.62736483457366,9.26567660532237,35.981677248044114,-26.716000642721745,13049.514552026956,0
2025-07-09,13181.206228173398,13237.126497020194,13064.37280933277,13153.24609375,8487,-0.0037061836102417756,13248.535458657865,13126.596705771723,49.171269971951304,0.5434101609098434,28.89402383061726,-28.350613669707418,13050.19367629341,0
2025-07-10,13226.142492113904,13226.142492113904,12961.519784646167,13038.41015625,4112,-0.00873061574926104,13228.523525095212,13123.138409712048,45.1321942973377,-15.45716865065151,20.02378533436351,-35.48095398501502,13050.274537494854,0
2025-07-11,13038.409542779062,13075.356862460676,12865.655858862328,12934.5576171875,7676,-0.007965122880623454,13200.526771961146,13115.743084515007,46.854079756388295,-36.101617631637055,8.798704741163395,-44.900322372800446,13049.727446346571,1
2025-07-14,12847.681271013305,13067.368032992392,12781.775242419579,12975.4990234375,8802,0.003165273019898107,13179.095557816037,13110.24331741393,44.47550802402352,-48.59864790013853,-2.680765787096991,-45.91788211304154,13048.992792912775,1
2025-07-15,12986.483628880711,13231.134800666621,12906.597531971025,13135.271484375,5611,0.012313396243867292,13174.92183653594,13111.2248141575,45.54181632810483,-45.0905562362841,-11.162723876934415,-33.927832359349686,13049.173866587676,0
2025-07-16,13180.207117500813,13180.207117500813,13014.443470140777,13047.396484375,6510,-0.006690002570904685,13162.776564901564,13108.721742401323,38.01826295103283,-48.83817038869165,-18.697813179285863,-30.14035720940579,13049.33065724109,1
2025-07-17,13112.30463056144,13291.049777836628,12982.489719132533,13256.099609375,4288,0.0159957678338305,13171.664473899034,13114.50126659637,42.76443340481311,-34.56909264042224,-21.87206907151314,-12.697023568909103,13049.74626721227,0
2025-07-18,13275.07191353913,13320.007842236982,13035.41362715058,13117.296875,4183,-0.010470857828862146,13166.486607337221,13114.610898298473,41.86784435479512,-34.06824879758642,-24.311305016727793,-9.756943780858627,13050.088815638966,1
2025-07-21,13248.11101847783,13265.086814612157,13017.439906299614,13208.16796875,3221,0.006927577733121915,13170.456260805104,13118.279803022064,45.70385317689238,-26.038631484279904,-24.656770310238215,-1.3818611740416884,13050.365728105586,0
2025-07-22,13176.213438706402,13282.06251976005,13045.399951743875,13127.283203125,5541,-0.006123844413272961,13166.344541026046,13118.632877535903,48.92367618933398,-25.90323020337928,-24.90606228886643,-0.9971679145128505,13050.788850637873,1
2025-07-23,13070.364514375047,13505.743758646384,12980.49265202546,13443.83203125,8302,0.024113811153982256,13192.771921047375,13131.385785524692,53.53116829223702,-0.2501947032051248,-19.974888771734168,19.724694068529043,13052.40243278094,1
2025-07-24,13505.743547011274,14164.80386058077,13360.949993272521,13567.6552734375,41829,0.009210412767704623,13228.475097465483,13148.494392893821,59.135443534568275,29.72882615893286,-10.034145785600764,39.762971944533625,13072.027559798338,0
2025-07-25,13501.749415171656,13590.622701019618,13380.921689468249,13539.6953125,4540,-0.002060780611977897,13258.11511794496,13163.835605427397,62.94478159526502,50.64744874070857,2.1021731196611046,48.545275621047466,13073.447701490275,0
2025-07-28,13560.664792653972,13618.582212239682,12943.544701206243,13222.1474609375,11610,-0.023453101730386505,13254.689626801393,13166.122344859166,50.53648412058419,41.12805150787244,9.907348797303374,31.220702710569068,13075.015801391739,1
2025-07-29,13222.14802663773,13363.945853069461,13031.419964324627,13232.1337890625,3529,0.0007552727841300122,13252.541451778641,13168.71102894557,52.16438397271806,33.997768722798355,14.725432782402372,19.272335940395983,13075.355099528908,1
2025-07-30,13232.133940751608,13410.879090204067,13172.219365516146,13358.953125,1793,0.009584193899424331,13262.675896847342,13176.171503300648,58.73705157648953,38.14056805460132,19.408459836842162,18.732108217759155,13075.661396549061,0
2025-07-31,13250.108392068292,13357.954628133057,13100.321953089451,13167.2265625,3053,-0.014351915206679,13253.585484052357,13175.820721308464,56.05195496640159,25.65727402049197,20.658222673572123,4.999051346919845,13075.951054563875,0
2025-08-01,13167.226459251102,13264.088355697892,12853.673516114075,12920.578125,2926,-0.018731996167093423,13221.870497475942,13165.81120772774,48.709546997968374,-4.091133972277021,15.708351344402294,-19.799485316679316,13075.819314814866,1
2025-08-04,12931.562064119486,13424.858717376244,12840.691627993241,13333.98828125,8572,0.0319962583911082,13232.548381644901,13172.406387081553,54.17190497161269,5.626919340766108,13.692064943675057,-8.065145602908949,13076.572457306786,1
2025-08-05,13333.988228846985,13620.579603195752,13200.17901573641,13584.630859375,13286,0.018797270016912337,13266.080046190624,13188.57205266169,60.55729550478998,33.17093407359789,17.587838769659626,15.583095303938265,13080.226469100102,1
2025-08-06,13585.629925941217,13966.087478442769,13484.773724359442,13679.49609375,25617,0.0069832765687212195,13305.45300310104,13207.823975841624,58.70993663791198,61.94058329791005,26.458387675309712,35.482195622600344,13091.350627941245,0
2025-08-07,13629.567178718622,13659.524466092169,13205.172274260023,13326.0,8305,-0.025841309601419282,13307.40985994856,13212.458329730187,53.94489492438483,55.575912581369266,32.28189265652163,23.29401992484764,13093.090079827716,0
2025-08-08,13251.0,13459.0,13101.0,13308.0,9393,-0.0013507429085997114,13307.466063762982,13216.205061897632,51.94047597354083,48.52010603614508,35.52953533244632,12.990570703698758,13094.345544996466,1
2025-08-11,13328.0,13833.0,13145.0,13805.0,7409,0.03734595731890589,13354.850248166507,13239.295059470274,61.33884147365628,82.08584044047166,44.84079635405139,37.245044086420265,13096.855919833004,0
2025-08-12,13804.0,13849.0,13650.0,13763.0,4532,-0.0030423759507425263,13393.72165310303,13259.8325081185,55.88018970443244,104.09790197730217,56.69221747870155,47.40568449860062,13098.867967737786,0
2025-08-13,13763.0,13809.0,13320.0,13598.0,9659,-0.011988665261934206,13413.176733759883,13273.093978388364,50.55070049357992,106.99512509616216,66.75279900219368,40.24232609396847,13101.95918991866,1
2025-08-14,13675.0,14445.0,13539.0,13739.0,21626,0.01036917193704956,13444.207521020848,13291.36480276529,53.47445571604554,119.29357483206331,77.26095416816761,42.0326206638957,13113.48729153991,1
2025-08-18,13748.0,14050.0,13650.0,13940.0,5526,0.01462988572676327,13491.425852352195,13316.801477166651,63.04429994963858,143.6038294703667,90.52952922860743,53.07430024175926,13116.279510850838,1
2025-08-19,13939.0,14511.0,13847.0,14449.0,23145,0.03651362984218087,13582.623390223414,13361.201419238547,68.7175147200509,201.61780299644124,112.74718398217419,88.87061901426705,13133.602561740996,1
2025-08-20,14454.0,14735.0,14250.0,14620.0,9495,0.011834729046992898,13681.421162583089,13410.566069464487,69.13698951706411,258.4137332177652,141.8804938292924,116.5332393884728,13142.18933973556,0
2025-08-21,14650.0,14704.0,14432.0,14598.0,5630,-0.0015047879616962856,13768.714385194222,13457.132105956076,72.89191716165676,298.2120975425314,173.1468145719402,125.0652829705912,13147.386959683754,0
2025-08-22,14640.0,14640.0,14332.0,14570.0,21701,-0.0019180709686258401,13845.027300890011,13500.773984153879,78.37554869214372,323.7611055172929,203.26967276101078,120.49143275628211,13166.193386242743,1
2025-08-25,14481.0,15081.0,14481.0,14771.0,11081,0.01379547014413185,13933.215176995724,13550.58676908902,76.67055744455642,356.1227373434758,233.8402856775038,122.28245166597202,13177.437934014282,0
2025-08-26,14855.0,14895.0,14200.0,14270.0,9999,-0.03391781192877941,13965.289922043748,13578.799052654158,61.63867243599226,337.45310145409167,254.56284883282137,82.89025262127029,13185.431720815934,0
2025-08-28,14270.0,14370.0,14005.0,14131.0,3438,-0.009740714786264926,13981.071834230057,13600.45399176576,57.554032063054294,307.8919553703381,265.2286701403247,42.6632852300134,13187.542504984396,0
2025-08-29,14140.0,14330.0,14005.0,14075.0,4024,-0.003962918406340665,13990.017373827195,13619.063639147496,63.91675956893348,276.7555365825501,267.5340434287698,9.22149315378033,13189.921380812557,1
2025-09-01,14249.0,14249.0,14081.0,14212.0,2569,0.009733570159857985,14011.158576319844,13642.316045455438,66.08540925266905,260.13577215812984,266.0543891746418,-5.918617016511973,13191.504167975614,0
2025-09-02,14299.0,14332.0,14105.0,14190.0,2524,-0.001547987616099089,14028.19109286081,13663.793847594441,58.2441113490364,242.39509322551385,261.32252998481624,-18.927436759302395,13193.098714740821,0
2025-09-03,14140.0,14240.0,13721.0,13802.0,14995,-0.027343199436222654,14006.649084016924,13669.213696708386,50.727340544572925,194.78179670308782,248.01438332847056,-53.23258662538274,13199.813150766558,0
2025-09-04,13910.0,13951.0,13650.0,13721.0,3682,-0.00586871467903205,13979.444409348645,13671.244532131586,52.368117058144,148.79665786981423,228.17083823673929,-79.37418036692506,13201.110763298138,0
2025-09-05,13740.0,13749.0,13461.0,13523.0,3336,-0.014430435099482497,13935.973513220202,13665.431021067603,45.93067068575735,95.27785499052698,201.59224158749683,-106.31438659696985,13201.880204039751,1
2025-09-08,13700.0,13884.0,13350.0,13698.0,27105,0.012940915477335002,13913.309369103994,13666.708235927697,45.39573820395738,66.22149541284489,174.51809235256644,-108.29659693972155,13209.100548997929,1
2025-09-09,13760.0,13866.0,13609.0,13728.0,28077,0.002190100744634327,13895.660857760755,13669.111834518768,33.22475570032573,45.09504280454348,148.63348244296185,-103.53843963841837,13217.838018298376,0
2025-09-10,13865.0,13865.0,13586.0,13719.0,4400,-0.000655594405594373,13878.836014164492,13671.068233165091,27.327629592350277,27.311126455537305,124.36901124547694,-97.05788478993964,13219.15240218698,0
2025-09-11,13615.0,13768.0,13519.0,13547.0,3981,-0.012537356950215073,13847.232584244062,13666.202812256657,25.4094525035096,-0.6541769683917664,99.36437360270321,-100.01855057109498,13220.072874126263,0
2025-09-12,13578.0,13635.0,13343.0,13433.0,28325,-0.008415147265077194,13807.781861935106,13657.057603932866,24.42645074224022,-31.650877064421366,73.1613234692783,-104.81220053369967,13224.183438703061,1
2025-09-15,13510.0,13750.0,13473.0,13658.0,7608,0.016749795280279978,13793.516922703191,13657.094560641382,25.233644859813083,-37.62662925288532,51.00373292484558,-88.6303621777309,13225.952754526039,1
2025-09-16,13614.0,13899.0,13609.0,13732.0,4251,0.005418069995607011,13787.65816816003,13660.032028851525,35.21978021978022,-35.97655898170342,33.607674543535786,-69.5842335252392,13227.227587431467,0
2025-09-17,13895.0,13895.0,13530.0,13566.0,10121,-0.01208855228662975,13766.547866430503,13656.344498308328,34.70492690850027,-47.51594484921952,17.382950664984726,-64.89889551420424,13229.756803462054,0
2025-09-18,13700.0,13716.0,13400.0,13449.0,3417,-0.008624502432551973,13736.305212484742,13648.213341511924,33.59538784067085,-65.34861531694332,0.8366374685991165,-66.18525278554245,13230.326815127133,0
2025-09-19,13401.0,13518.0,13202.0,13240.0,10003,-0.015540188861625448,13689.038049390958,13632.204975178125,25.454545454545453,-95.24773189060761,-18.38023640324223,-76.86749548736537,13230.8365065671,1
2025-09-22,13240.0,13404.0,13125.0,13330.0,6986,0.006797583081570968,13654.843949448961,13620.353799680943,29.00390625,-110.40803425583545,-36.78579597376088,-73.62223828207456,13231.055933868049,0
2025-09-23,13330.0,13380.0,12805.0,12999.0,22487,-0.024831207801950472,13592.382620930013,13595.98698400718,29.83425414364642,-147.4321112171292,-58.91505902243455,-88.51705219469466,13228.923022816338,0
2025-09-24,12999.0,13079.0,12914.0,12944.0,5143,-0.004231094699592264,13530.631895127155,13570.418866987291,30.2290076335878,-179.1469052897428,-82.9614282758962,-96.1854770138466,13228.206750980888,0
2025-09-25,12949.0,12993.0,12726.0,12807.0,9068,-0.01058405438813348,13461.714571781713,13540.480872203476,31.19747899159664,-212.88189317808792,-108.94552125633454,-103.93637192175338,13226.264982682002,0
2025-09-26,12706.0,12869.0,12546.0,12580.0,4801,-0.017724681814632604,13377.74175542155,13502.814955646478,21.421267893660527,-254.99469687205783,-138.1553563794792,-116.83934049257863,13224.774897283865,0
2025-09-29,12591.0,12693.0,12335.0,12476.0,30728,-0.008267090620031836,13291.861588238546,13462.547702483871,19.162561576354676,-293.37943256537255,-169.20017161665788,-124.17926094871467,13212.687530574622,1
2025-09-30,12545.0,12938.0,12501.0,12905.0,15453,0.03438602116062839,13255.01762745392,13440.68308670019,33.38775510204081,-285.8873658571101,-192.53761046474835,-93.34975539236177,13209.093292163934,1
2025-10-01,13199.0,13227.0,12850.0,13065.0,15829,0.012398295234405277,13236.920710553546,13425.950416633515,40.11484823625923,-263.9960045801854,-206.82928928783576,-57.166715292349636,13207.724323535373,1
2025-10-03,13239.0,13888.0,12973.0,13569.0,64123,0.038576349024110224,13268.547309548447,13431.560204216516,52.40452616690241,-203.63102347057065,-206.18963612438276,2.558612653812105,13216.638936381953,1
2025-10-06,13678.0,13678.0,13411.0,13579.0,5765,0.0007369739848184231,13298.114232448595,13437.342156992338,48.488327592805206,-153.21822033944045,-195.59535296739432,42.37713262795387,13217.647256619237,0
2025-10-07,13554.0,13600.0,13480.0,13558.0,3375,-0.001546505633699069,13322.865257929681,13442.073837110285,46.6015625,-113.6501469992163,-179.20631177375873,65.55616477454242,13218.217416704247,0
2025-10-08,13625.0,13625.0,13181.0,13265.0,5107,-0.02161085705856325,13317.354280983998,13435.129765066746,44.39895794566431,-104.72758074121703,-164.3105655672504,59.58298482603337,13218.581116939984,1
2025-10-09,13231.0,13455.0,13210.0,13360.0,6878,0.0071617037316245025,13321.41577803314,13432.183499770012,48.330206378986865,-88.96514186966488,-149.24148082773328,60.27633895806841,13219.014011256564,0
2025-10-10,13369.0,13489.0,13218.0,13332.0,15287,-0.002095808383233533,13322.423799172842,13428.254735073147,51.85185185185185,-77.83542318830769,-134.96026929984816,57.12484611154048,13220.001535091418,0
2025-10-13,13385.0,13385.0,13055.0,13125.0,4159,-0.01552655265526548,13303.621532584953,13416.36239252126,46.059207996924265,-84.74136526772054,-124.91648849342265,40.17512322570211,13219.934850138,0
2025-10-14,13125.0,13195.0,12973.0,13070.0,5059,-0.004190476190476189,13281.371862814958,13402.779553598857,51.526881720430104,-93.57375447218692,-118.64794168917551,25.07418721698859,13219.575631197948,0
2025-10-15,13084.0,13136.0,12990.0,13031.0,3803,-0.0029839326702372215,13257.526923499247,13388.199963261646,51.88393243828497,-102.53846106289711,-115.42604556391984,12.88758450102273,13219.255045828333,1
2025-10-16,13031.0,13210.0,12956.0,13052.0,5330,0.0016115417082342987,13237.952930785032,13375.015650976877,55.585955312357505,-106.71834843667057,-113.68450613847,6.966157701799432,13218.862280809926,0
2025-10-17,13036.0,13109.0,12782.0,13002.0,3458,-0.003830830524057638,13215.48122309122,13360.387586232686,60.46626984126984,-112.76562944533362,-113.50073079984273,0.7351013545091121,13218.420594509193,1
2025-10-20,13042.0,13145.0,12913.0,13036.0,3009,0.0026149823104137937,13198.387773273007,13347.66650441964,64.38848920863309,-113.50619856100639,-113.50182435207546,-0.0043742089309262155,13218.138520625307,1
2025-10-21,13066.0,13147.0,13010.0,13084.0,411,0.003682111077017547,13187.49369962796,13337.326641501224,55.71884984025559,-108.96383876774416,-112.5942272352092,3.630388467465039,13218.110147025953,0
2025-10-23,13084.0,13119.0,12957.0,13000.0,8956,-0.006420055029043081,13169.63715680625,13324.09814575608,47.8173270651444,-110.86411142239558,-112.24820407264647,1.3840926502508921,13217.249090301526,0
2025-10-24,13000.0,13065.0,12821.0,12890.0,3905,-0.00846153846153841,13143.005046634225,13307.074689059764,18.995433789954333,-119.86444912706611,-113.7714530835304,-6.092996043535706,13216.681680965106,1
2025-10-27,12899.0,12990.0,12822.0,12914.0,10125,0.0018619084561675159,13121.19504219287,13291.659995371145,20.018034265103694,-123.63548921902111,-115.74426031062856,-7.891228908392549,13215.137132423393,1
2025-10-28,12900.0,13116.0,12880.0,12917.0,3278,0.00023230602446955295,13101.74789531736,13276.96744653306,20.62328139321724,-124.94174012617623,-117.58375627373809,-7.357983852438139,13214.741426145752,1
2025-10-29,12825.0,13096.0,12825.0,13023.0,2959,0.008206239838971952,13094.248095763325,13267.007938825882,36.615044247787615,-116.08547812892175,-117.28410064477482,1.1986225158530743,13214.400424815314,0
2025-10-30,12900.0,13098.0,12775.0,12821.0,5541,-0.015511018966444023,13068.224467595388,13249.517431420945,23.343224530168158,-123.93786000424552,-118.61485251666898,-5.323007487576547,13213.537180179082,0
2025-10-31,12775.0,12900.0,12320.0,12424.0,34783,-0.030964823336713243,13006.869756395827,13217.144198816204,17.101449275362313,-160.3471294506744,-126.96130790347007,-33.38582154720433,13202.330603926735,1
2025-11-03,12424.0,12680.0,12403.0,12660.0,4118,0.01899549259497757,12973.834541500986,13195.295406705765,33.49893541518807,-168.2193818152482,-135.2129226858257,-33.006459129422495,13201.094435156512,1
2025-11-04,12722.0,12964.0,12602.0,12852.0,18846,0.01516587677725112,12962.231251834226,13181.832841736912,42.94954721862872,-157.1538315958678,-139.60110446783412,-17.552727128033695,13197.529494129749,0
2025-11-06,12650.0,12910.0,12302.0,12802.0,72371,-0.0038904450669156043,12946.97113261192,13166.937436178601,42.6461143224149,-150.68191810095777,-141.81726719445885,-8.864650906498923,13179.90765420566,0
2025-11-07,12674.0,12808.0,12572.0,12680.0,37634,-0.0095297609748477,12921.545310458403,13147.841850446108,38.78166465621231,-153.6263514812872,-144.17908405182453,-9.44726742946267,13171.46497133899,0
2025-11-10,12780.0,12780.0,12485.0,12660.0,5819,-0.001577287066246047,12896.636233271889,13128.710797487436,39.4963144963145,-155.77795767406496,-146.4988587762726,-9.279098897792352,13170.066505151488,0
2025-11-11,12660.0,12660.0,12497.0,12599.0,3299,-0.0048183254344391635,12868.289925341232,13107.937825036948,36.797583081571005,-160.5545385068799,-149.3099947223941,-11.244543784485813,13169.192762245675,1
2025-11-12,12606.0,12886.0,12572.0,12854.0,9295,0.020239701563616208,12866.92898007064,13097.979478957068,43.82384532760473,-142.12531222481994,-147.87305822287928,5.747745998059344,13167.521959478065,0
2025-11-13,12899.0,12993.0,12751.0,12800.0,45355,-0.004201026917690975,12860.554791492483,13086.294009194045,44.5414847161572,-130.37449035454483,-144.37334464921238,13.998854294667552,13161.116501958604,0
2025-11-14,12940.0,12940.0,12526.0,12688.0,6847,-0.008750000000000036,12844.121001826532,13070.674636284475,44.49291166848419,-128.61672973989153,-141.22202166734823,12.605291927456705,13159.77950577968,1
2025-11-17,12720.0,12854.0,12618.0,12699.0,4413,0.0008669609079445806,12830.299954033528,13056.09916035175,44.09665019220209,-124.89635626983545,-137.95688858784567,13.060532318010218,13158.933056430973,0
2025-11-18,12750.0,12814.0,12575.0,12631.0,6968,-0.0053547523427041055,12811.319006030335,13039.42860504384,42.41781548250265,-125.98271487569218,-135.56205384541497,9.579338969722784,13157.449425645626,1
2025-11-19,12705.0,13144.0,12658.0,12963.0,43689,0.0262845380413268,12825.764814979826,13036.431404846042,48.57954545454546,-98.91381959679711,-128.2324069956914,29.318587398894294,13153.017600422647,1
2025-11-20,13000.0,13180.0,12832.0,13047.0,11542,0.006479981485767228,12846.834832600794,13036.845859557963,55.66700100300903,-69.87791794413897,-116.56150918538091,46.68359124124194,13152.358693042763,0
2025-11-21,12981.0,13040.0,12750.0,12962.0,8150,-0.006514907641603451,12857.802943781671,13033.910727810593,65.99286563614746,-53.11328937930375,-103.87186522416549,50.75857584486174,13151.54153333247,0
2025-11-24,12851.0,13450.0,12800.0,12931.0,5666,-0.002391606233605903,12864.77409199294,13029.875012994493,59.17400135409615,-41.846263701676435,-91.46674491966768,49.62048121799124,13151.321597212242,0
2025-11-25,12940.0,13008.0,12711.0,12787.0,5512,-0.011136029696079186,12857.36703561266,13020.350502680983,47.72568229531141,-44.029120920607966,-81.97922011985574,37.950099199247774,13150.58207932835,1
2025-11-26,12850.0,13112.0,12775.0,12893.0,94448,0.008289669195276517,12860.760651268598,13015.356365320946,53.06397306397307,-36.781739870819365,-72.93972407004846,36.15798419922909,13141.948924592658,1
2025-11-27,12784.0,13150.0,12784.0,13095.0,37595,0.015667416427518788,12883.069160671588,13018.479645112282,63.25878594249201,-14.570467083995027,-61.26587267283777,46.695405588842746,13139.949477213459,1
2025-11-28,13189.0,13348.0,12901.0,13204.0,12436,0.0083237877052309,12913.634002512388,13025.754953147096,66.44498186215236,11.692729168746155,-46.674152304520995,58.36688147326715,13140.00445355316,1
2025-12-01,13204.0,15297.0,13016.0,14827.0,240883,0.12291729778854887,13095.859335606447,13096.392013807996,84.63930348258707,161.6061424246709,-5.018093358682613,166.62423578335353,13248.993656289931,0
2025-12-02,14500.0,14779.0,14289.0,14413.0,49034,-0.027922034126930617,13221.301303643928,13148.023699541016,73.0962962962963,244.19236486250702,44.82399828555532,199.3683665769517,13270.871684086882,1
2025-12-03,14351.0,15240.0,14183.0,14787.0,80643,0.025948796225629733,13370.415465201648,13212.297279951174,76.88768606224627,335.94860905326095,103.04892043909643,232.89968861416452,13312.054763655722,1
2025-12-04,14587.0,14949.0,14571.0,14865.0,18579,0.00527490363156824,13512.756849468158,13277.109151325636,79.73231357552581,410.2311524043853,164.48536683215423,245.74578557223106,13321.592037655179,0
2025-12-05,14839.0,14930.0,14640.0,14793.0,14137,-0.004843592330978863,13634.684768566429,13336.55585127365,78.13003761418592,458.01113762359273,223.19052099044194,234.8206166331508,13328.731574520061,0
2025-12-08,14721.0,15090.0,14612.0,14717.0,19753,-0.005137565064557537,13737.76240965534,13390.690915929586,77.96246648793566,484.16342077113404,275.3851009465804,208.77831982455365,13338.717815984146,0
2025-12-09,14580.0,14699.0,14250.0,14401.0,26692,-0.021471767343888004,13800.92789445007,13430.310880010778,69.3591814754981,473.9275922312172,315.0935992035078,158.83399302770943,13348.774825177734,0
2025-12-10,14439.0,14753.0,14268.0,14361.0,39280,-0.0027775848899381783,13854.268094978635,13466.808492559376,67.90190735694823,457.3163010135486,343.53813956551596,113.77816144803262,13363.388239549762,0
2025-12-11,14400.0,14400.0,14151.0,14248.0,7292,-0.007868532831975528,13891.766371647338,13497.443453635478,67.38777717685235,430.07592982006463,360.8456976164257,69.23023220363893,13365.585934211118,0
2025-12-12,14373.0,14394.0,14025.0,14122.0,5284,-0.008843346434587285,13913.693383871401,13521.9358672184,65.6999736356446,393.78132640841613,367.4328233748238,26.34850303359235,13367.02036585185,1
2025-12-15,14122.0,14695.0,14043.0,14631.0,14102,0.03604305339187075,13982.008299693172,13565.428578307876,72.17412217412218,401.4618356852334,374.2386258369057,27.223209848327656,13372.114749198621,1
2025-12-16,14633.0,15097.0,14385.0,15030.0,74504,0.027270863235595577,14081.817033055726,13622.862751707567,74.00584138395867,434.73332488290725,386.33756564610604,48.39575923680121,13407.444462563846,0
2025-12-17,14881.0,15285.0,14588.0,14705.0,29334,-0.021623419827012658,14141.167791812324,13665.299506542564,67.59947529514648,429.92057909894356,395.05416833667357,34.86641076226999,13421.098441042783,1
2025-12-18,14755.0,15145.0,14601.0,15022.0,48153,0.021557293437606262,14225.056573544483,13718.503447462464,69.00878293601004,446.53827879414166,405.3509904281672,41.18728836597444,13443.926540569066,1
2025-12-19,15020.0,15848.0,14922.0,15567.0,57351,0.03628012248701906,14352.860709397391,13790.99350834629,59.98920086393089,497.94487224429395,423.8697667913926,74.07510545290137,13479.527088204775,0
2025-12-22,15569.0,15653.0,15260.0,15329.0,23690,-0.01528875184685552,14445.82635612145,13851.307488411143,62.981859410430836,513.5603528990359,441.80788401292125,71.75246888611468,13493.63480960707,0
2025-12-23,15329.0,15359.0,14930.0,14986.0,7633,-0.022375888838149893,14497.271465062264,13895.805233963647,52.84529596797255,492.5803408433603,451.9623753790091,40.617965464351244,13497.38100619137,0
2025-12-24,14800.0,15086.0,14671.0,14802.0,23124,-0.012278126251167754,14526.29323029443,13931.342283612132,49.12572855953373,455.8514956049439,452.7401994241961,3.1112961807478428,13506.940547871567,0
2025-12-26,14848.0,14973.0,14717.0,14767.0,14416,-0.0023645453317119314,14549.217684552103,13964.113174450873,49.635445877734156,419.08842317478775,446.0098441743145,-26.92142099952673,13512.683426998005,0
2025-12-29,14867.0,14956.0,14672.0,14762.0,14621,-0.00033859280828874017,14569.482666975711,13995.402853884172,50.64377682403434,385.1106493542975,433.83000521031107,-48.71935585601358,13518.358143232916,1
2025-12-30,14825.0,14922.0,14452.0,14826.0,17148,0.004335455900284613,14593.912889168501,14027.975290986755,56.552574776441574,359.206574146172,418.9053189974833,-59.69874485131129,13524.623463283197,1
2025-12-31,14826.0,15077.0,14724.0,14878.0,14150,0.0035073519492783145,14620.968804485788,14061.309593301,57.94162826420891,338.96598446292774,402.9174520905722,-63.95146762764449,13530.421491849893,0
2026-01-01,14960.0,14989.0,14671.0,14729.0,432454,-0.010014786933727704,14631.257489772855,14087.493530818609,57.30780917654208,307.3590724949954,383.8057761714569,-76.44670367646148,13675.558030955037,1
2026-01-02,14800.0,15100.0,14729.0,15040.0,7205,0.02111480752257444,14670.185347889726,14124.846725688467,63.204833141542,303.9022716939653,367.82507527595857,-63.922803581993264,13677.99983908484,1
2026-01-05,15198.0,15407.0,14970.0,15119.0,10226,0.005252659574468188,14712.929600471656,14163.833128602644,58.01050558108995,304.03267252855585,355.06659472647806,-51.03392219792221,13682.013541647333,1
2026-01-06,15119.0,15692.0,15119.0,15299.0,31364,0.01190554930881671,14768.745828998164,14208.34947650058,54.7576936681995,315.0290529826834,347.05908637771915,-32.03003339503573,13695.869981724107,0
2026-01-07,15305.0,15305.0,14633.0,14881.0,23539,-0.027322047192626986,14779.43670242691,14234.727928402519,53.013698630136986,286.7096467517822,334.9891984525318,-48.27955170074961,13703.485882232879,0
2026-01-08,14825.0,14918.0,14391.0,14466.0,7932,-0.027887910758685575,14749.585587910062,14243.797421406343,40.78860172299537,228.14931826031716,313.6212224140889,-85.47190415377173,13705.314709850323,0
2026-01-09,14500.0,14510.0,14173.0,14244.0,6336,-0.015346329323931984,14701.434579537676,14243.805365664917,25.454545454545453,161.95932507457655,283.28884294618643,-121.32951787160988,13706.305999860318,0
2026-01-12,14151.0,14515.0,13608.0,13963.0,26064,-0.019727604605447868,14631.107476724563,14232.793390540804,25.054784514243977,85.83942357492742,243.79895907193466,-157.95953549700724,13708.468889433523,1
2026-01-13,14000.0,14188.0,13884.0,14133.0,4837,0.012175034018477415,14583.668669417462,14228.879924245086,33.37231968810917,38.78435062135941,202.79603738181962,-164.0116867604602,13708.916423220393,0
2026-01-14,14042.0,14224.0,13900.0,14028.0,23005,-0.007429420505200568,14530.747843758656,14221.002280157043,34.43282381335479,-6.900214805185897,160.8567869444185,-167.7570017496044,13710.925889467362,0
2026-01-15,14028.0,14028.0,14028.0,14028.0,0,0.0,14482.867096734022,14213.43356328814,34.92452060383516,-42.61433056894566,120.16256344174566,-162.7768940106913,13710.925889467362,1
2026-01-16,14028.0,14146.0,13952.0,14049.0,5558,0.0014970059880239361,14441.54642085459,14206.985188257231,35.54925010133766,-68.4346283260893,82.44312508817868,-150.87775341426797,13711.405472253355,0
2026-01-19,14055.0,14169.0,13901.0,14022.0,7677,-0.0019218449711723151,14401.589618868438,14199.730867149105,33.456790123456784,-90.03817069050456,47.94686593244204,-137.9850366229466,13712.029811559427,0
2026-01-20,13975.0,14040.0,13656.0,13738.0,5000,-0.020253886749393768,14338.390607547635,14181.623774319727,28.587528174305035,-128.5932176063252,12.638849224688588,-141.23206683101378,13712.156129450688,1
2026-01-21,13738.0,13890.0,13527.0,13773.0,10271,0.002547677973504081,14284.543883019289,14165.599312581699,31.240188383045535,-154.54269063032916,-20.797458746314966,-133.7452318840142,13712.202634345274,1
2026-01-22,13773.0,14049.0,13701.0,13837.0,20770,0.004646772671168309,14241.920656065071,14152.713065029475,23.859191655801823,-168.00689096958922,-50.239345190969814,-117.76754577861941,13712.989716440006,0
2026-01-23,13768.0,13957.0,13500.0,13557.0,2673,-0.02023560020235604,14176.690117392207,14129.351768361654,18.784972022382092,-198.97733977134885,-79.98694410704563,-118.99039566430322,13712.961629681124,1
2026-01-27,13625.0,14250.0,13357.0,14039.0,6640,0.035553588552039495,14163.576772878663,14125.808561759235,27.532097004279606,-182.5242459291785,-100.49440447147221,-82.0298414577063,13713.244278837132,1
2026-01-28,13970.0,14358.0,13811.0,14234.0,6599,0.01388987819645271,14170.28374689022,14130.051363258874,37.46609841146842,-151.99804139837033,-110.79513185685184,-41.202909541518494,13713.942873553468,1
2026-01-29,14163.0,14380.0,14064.0,14270.0,8808,0.0025291555430659862,14179.780532900675,14135.53954509186,45.549500454132605,-123.47753310331063,-113.33161210614361,-10.145920997167025,13715.10076681459,1
2026-01-30,14227.0,15168.0,14148.0,14989.0,22450,0.05038542396636303,14256.849053576801,14169.00858253924,63.80140792886254,-42.36912879118972,-99.13911544315285,56.76998665196312,13720.99889651028,1
2026-02-02,15210.0,15210.0,14850.0,15024.0,77137,0.0023350457001800606,14329.911048474249,14202.537657733781,71.62657969832858,24.452203690285387,-74.4208516164652,98.87305530675059,13745.672656777817,1
2026-02-03,15124.0,15555.0,15059.0,15379.0,11895,0.023628860489882886,14429.824281952891,14248.673435861869,73.61637604245641,104.84553023627996,-38.567575245916174,143.41310548219613,13750.274349224326,0
2026-02-04,15303.0,15480.0,15035.0,15327.0,17105,-0.0033812341504648735,14515.26958843357,14290.96075210258,75.12572533849129,162.48878573258662,1.6436969497843812,160.84508878280224,13756.635725070058,0
2026-02-05,15280.0,15280.0,14911.0,15116.0,1941,-0.0137665557512886,14572.482008582754,14323.315232412282,69.45636623748211,188.96724760880898,39.1084070815893,149.85884052721968,13757.270169245663,0
2026-02-06,15041.0,15196.0,14723.0,14884.0,3747,-0.015347975654935175,14602.15038871773,14345.3028703569,63.88427003658131,189.05188585817268,69.09710283690598,119.9547830212667,13758.340477255239,1
2026-02-09,14850.0,15300.0,14800.0,15149.0,8914,0.017804353668368744,14654.231304077946,14376.820404852708,67.36517719568567,208.10336157082747,96.89835458369028,111.2050069871372,13761.199803795036,1
2026-02-10,15111.0,15521.0,15111.0,15220.0,6678,0.004686778005148939,14708.114037022904,14409.886271329071,74.43931398416886,226.3220008149783,122.78308382994788,103.53891698503043,13763.65832791807,1
2026-02-11,15200.0,16024.0,15186.0,15950.0,43402,0.04796320630749018,14826.38889063977,14470.282888139696,79.20579554601557,296.250313603814,157.4765297847211,138.7737838190929,13783.972836646195,0
2026-02-12,16031.0,16146.0,15750.0,15816.0,14864,-0.008401253918495333,14920.637567721697,14523.05610821265,76.06004740584672,336.9719226138277,193.37560835054245,143.59631426328525,13791.485385242946,1
2026-02-13,15800.0,16146.0,15672.0,15858.0,19294,0.0026555386949924653,15009.91018031963,14575.406849067056,82.32649620679966,368.3866086175258,228.37780840393913,140.00880021358665,13801.102949495886,1
2026-02-16,16132.0,16665.0,15834.0,15974.0,32800,0.007314919914238827,15101.728258384428,14630.25363929972,80.30065768869402,398.0546776105384,262.313182245259,135.74149536527943,13819.304264997403,0
2026-02-17,16100.0,16140.0,15759.0,15930.0,7879,-0.002754476023538288,15180.611281395435,14681.224084817379,77.87639710716634,413.25268405679526,292.5010826075663,120.75160144922899,13823.237121767304,0
2026-02-18,16118.0,16118.0,15525.0,15557.0,7293,-0.023414940364092862,15216.457826024442,14715.568238353953,69.04409588635691,390.6955360126158,312.1399732885762,78.55556272403959,13826.505726306063,0
2026-02-19,15970.0,15970.0,15210.0,15257.0,8050,-0.019283923635662448,15220.318985450685,14736.80085645772,54.52702702702703,344.63856206333,318.63969104352697,25.99887101980306,13829.621150757319,0
2026-02-20,15101.0,15499.0,15101.0,15246.0,42739,-0.0007209805335256503,15222.764796360145,14756.769450322123,53.78065395095368,303.74904045561743,315.6615609259451,-11.91252047032765,13844.01444685702,1
2026-02-23,15469.0,15756.0,15408.0,15595.0,9597,0.022891250163977528,15258.21576813537,14789.641236584,53.68600682593857,296.0920187919619,311.74765249914844,-15.655633707186553,13847.883046243105,1
2026-02-24,15595.0,15960.0,15538.0,15799.0,12896,0.013081115742225036,15309.719028312953,14829.22393318855,57.657365347177155,302.9921639980221,309.99655479892317,-7.004390800901092,13853.587990458065,0
2026-02-25,15855.0,15976.0,15426.0,15516.0,8156,-0.01791252610924743,15329.364835140292,14856.15632796547,56.341154090044384,282.3698599401141,304.47121582716136,-22.101355887047248,13856.941327569593,0
2026-02-26,15535.0,15649.0,15270.0,15506.0,5988,-0.0006444960041247505,15346.187231793598,14881.640393535452,60.60709413369714,262.1971731717804,296.01640729608516,-33.819234124304785,13859.169035188319,0
2026-02-27,15565.0,15566.0,14968.0,15164.0,19500,-0.022055978330968617,15328.836066860873,14892.713319279159,50.24925224327019,216.1223083456298,280.0375875059941,-63.91527916036432,13865.299619278365,0
2026-03-02,14898.0,15080.0,14600.0,14693.0,10824,-0.0310604062252704,15268.280250969361,14884.881424405467,42.27046054561455,139.98818566593218,252.02770713798174,-112.03952147204956,13867.587444726008,0
2026-03-04,14593.0,14751.0,14089.0,14216.0,13958,-0.0324644388484312,15168.063084210375,14858.650780311136,22.528517110266165,40.69235523977659,209.7606367583407,-169.0682815185641,13869.126383462237,1
2026-03-05,14221.0,14390.0,14200.0,14328.0,8631,0.007878446820483997,15088.05707619034,14837.840945789132,26.26037013401404,-28.632780908807035,162.08195322491116,-190.7147341337182,13869.982922896477,1
2026-03-06,14411.0,14660.0,14255.0,14376.0,22549,0.003350083752093891,15020.242116553165,14819.729536150344,26.40127388535032,-78.79198694078877,113.90716519177118,-192.69915213255996,13872.838530551548,0
2026-03-09,14050.0,14199.0,13805.0,14004.0,12604,-0.025876460767946585,14923.457153071911,14787.740142575822,20.995288574793875,-146.86780947933948,61.752170257549054,-208.61997973688852,13873.207298725982,0
2026-03-10,14100.0,14402.0,13966.0,13995.0,9306,-0.0006426735218508783,14835.032662303158,14756.652293847357,21.2139244272538,-199.24780936590105,9.552174332859032,-208.7999836987601,13873.725881310169,0
2026-03-11,14001.0,14002.0,13906.0,13984.0,5388,-0.0007859949982136349,14753.981932559998,14726.352203892558,23.77459153051018,-238.8931333868186,-40.13688721107649,-198.7562461757421,13873.835133788862,0
2026-03-12,13984.0,14029.0,13616.0,13971.0,13186,-0.0009296338672768467,14679.412224697142,14696.73054883795,26.290560471976406,-268.26889285178913,-85.76328833921903,-182.5056045125701,13873.82971456774,0
2026-03-13,13899.0,13961.0,13461.0,13604.0,19806,-0.026268699448858346,14576.992012821223,14653.878370452148,23.23989569752281,-317.5032469300222,-132.11128005737967,-185.39196687264254,13872.953151157733,1
2026-03-16,13605.0,13847.0,13530.0,13670.0,8859,0.004851514260511669,14490.611821123965,14615.294904944221,15.43985637342908,-347.19394318014747,-175.12781268193325,-172.06613049821422,13872.577374556293,0
2026-03-17,13870.0,13870.0,13550.0,13600.0,16294,-0.00512070226773953,14405.791647683587,14575.479418475821,8.525084873632593,-372.0833041375954,-214.5189109730657,-157.56439316452972,13871.857563992286,1
